nameid,name
44000,Makaay
44001,Aparecido da Silva
44002,Gilberto Silva
44003,Uli
44004,Hoeneß
44005,Geoff
44006,Cambiasso
44007,Francesc
44008,Fàbregas Soler
44009,Cesc Fàbregas
44010,Fabregas
44011,Carlos Caetano
44012,Bledorn Verri
44013,Dunga
44014,Bierhoff
44015,Batistuta
44016,Isaac Romero
44017,T. Rodriguez
44018,Cazonatti
44019,Gustavo Cazonatti
44020,Platret
44021,Bechikh
44022,Wasbauer
44023,Jid
44024,Della Rovere
44025,van der Horst
44026,Shavy
44027,Babicka
44028,Adyn
44029,Ruward
44030,E. Minda
44031,Mañas Buenadicha
44032,Aitor Mañas
44033,Mañas
44034,Crockford
44035,Tobar
44036,Ale Tobar
44037,Medranda
44038,Chabod
44039,Ersoy
44040,Frigerio
44041,Ciubăncan
44042,Abdul Rachid
44043,Ayindé
44044,Pablo S.
44045,Pérez Morillo
44046,Fer Pérez
44047,Nicólas
44048,Claa
44049,Fedorco
44050,Benaïssa-Yahia
44051,Benaïssa
44052,Gordillo
44053,Adedeji Strernberg
44054,Dircssi
44055,Ngonzo
44056,Tiago G.
44057,Madruga
44058,Zohminghlua
44059,Ďuriš
44060,JaeSeok
44061,G.Siri
44062,M. Reali
44063,Bravo-Young
44064,Sidibeh
44065,Abat
44066,Aymbetov
44067,Szperkowska
44068,SeoUng
44069,DongJin
44070,N. Asue
44071,Latsabidze
44072,Édgar
44073,E. Paez
44074,Ofri
44075,Arad
44076,Dor
44077,Turgeman
44078,Bonfiglio
44079,Alex Matthias
44080,Basfore
44081,Pemi
44082,Aderoju
44083,Engelbreth
44084,Scaglia
44085,Chesnokov
44086,Morocho
44087,S. Morocho
44088,Toshevski
44089,Woobens
44090,Pacius
44091,M Dawran
44092,Sejas
44093,Francely
44094,Hugo Miguel
44095,Zagal Nunes
44096,Hugo Nunes
44097,Akachukwu
44098,Ferreira Nel
44099,Rafael Nel
44100,Nel
44101,Jeong Woo
44102,Ha Jeong Woo
44103,JeongWoo
44104,Richtnér
44105,Hong Jae Seok
44106,Kang Min
44107,Choi Kang Min
44108,Kangmin
44109,Hellan
44110,Siwoo
44111,Ju Yeong
44112,Park Ju Yeong
44113,JuYeong
44114,Ma Ho
44115,Chung Ma Ho
44116,MaHo
44117,Young Hwan
44118,Kim Young Hwan
44119,YoungHwan
44120,Al Salkhadi
44121,Azócar
44122,Hui Do
44123,Won Hui Do
44124,InJung
44125,Rodrigo D.
44126,W. Urbański
44127,Naïr
44128,González-Benito
44129,Gonzi
44130,E. Rodriguez
44131,Carlos Damian
44132,Parzajuk
44133,Macy
44134,Settle
44135,T. Caballero
44136,Dorador
44137,Chandía
44138,R.Bamba
44139,Rosalía
44140,Domínguez Navarro
44141,Rosalía Domínguez
44142,Torres Echevarria
44143,Julia Torres
44144,A. Mosquera
44145,Venteo Plaza
44146,Iker Venteo
44147,Al Shanqity
44148,Jordano
44149,Singsdal Volden
44150,Jhefferson
44151,Julinho
44152,Astudillo
44153,H. Arrillaga
44154,Krevsun
44155,Mundaca
44156,Mahitosh
44157,Tyjon
44158,Rafel
44159,Bauzà Sureda
44160,Rafa Bauza
44161,Spencer Marques
44162,Diogo Spencer
44163,Pertines
44164,Ojinnaka
44165,Wandeler
44166,Contena
44167,Rojo Merida
44168,Martina Rojo
44169,Sánchez Sánchez
44170,Carlota Sánchez
44171,Sia
44172,Nabizada
44173,Muíño González
44174,Lía Muíño
44175,Lía
44176,Abdoul Kone
44177,Shahar
44178,Floriangel
44179,Apóstol
44180,Michi A.
44181,G. Varela
44182,Durán Amores
44183,Aina Durán
44184,Rúnar Þór
44185,J. Lerma
44186,Rigo
44187,JuHyeok
44188,Cortés Gracia
44189,Paco Cortés
44190,Khlan
44191,André Stavås
44192,Skistad
44193,M. Watts
44194,Rizo Galiano
44195,Inés Rizo
44196,Jakhongir
44197,Urozov
44198,Sawan
44199,L.Guilherme
44200,Lalhlansanga
44201,Novo Saborido
44202,Paula Novo
44203,Kramžar
44204,K Medina
44205,Heli Tito
44206,Ashley Alban
44207,Hüning
44208,Tiago Lisboa
44209,Silva Gonçalves
44210,Tiago Gonçalves
44211,Sagolsem
44212,Bomholt
44213,Zé Vítor
44214,Olase
44215,Puga
44216,Miguel de Jesús
44217,Narváez López
44218,Miguel Narváez
44219,M. Narváez
44220,Fernández García
44221,Adri Fernández
44222,Adri F.
44223,Pereda López
44224,Cheli
44225,Debayo
44226,M. Artero
44227,Eyestone
44228,Svanþórsson
44229,Israfil
44230,Yash
44231,Chikro
44232,M.Manitu
44233,R. Rangel
44234,Christantus
44235,Srdanovic
44236,Duțu
44237,Dutu
44238,Antonio Manuel
44239,Casas Marín
44240,A. Casas
44241,Baradji
44242,Codinha
44243,Bužek
44244,Cyprian
44245,Popielec
44246,Bisschops
44247,Purić
44248,Puric
44249,Kinsky
44250,Hamad.K
44251,Mayela
44252,Imray Jr.
44253,Brzyski
44254,I. Brzyski
44255,Carl Fred
44256,Sainté
44257,Kim Seo Jin
44258,SeoJin
44259,Fuster
44260,Moisa
44261,Chance
44262,Cowell
44263,De Cat
44264,Priesborg
44265,Park Woo Jin
44266,Turicchia
44267,M.Abdullah
44268,F.Davi
44269,Goti
44270,Balda
44271,Aguiar Tomich
44272,P. Santos
44273,Monserrate Pueyo
44274,Jano Monserrate
44275,Janneh Susso
44276,Omar Janneh
44277,A. Arévalo
44278,Ahilé
44279,Somoya
44280,Delvalle
44281,Schilte-Brown
44282,Cleall-Harding
44283,Javier Villar
44284,Ferreira Barros
44285,João Barros
44286,A.AlGanehi
44287,Yovera
44288,Beleza Figueiredo
44289,Gui Beleza
44290,F.Anderson
44291,Tinsdale
44292,Canchimbo
44293,Navia
44294,Toto Fernández
44295,Laura S.
44296,Żewłakow
44297,C. da Costa
44298,Ricciardi
44299,Chasco Ruiz
44300,Raúl Chasco
44301,R.Chasco
44302,Massiré
44303,Mikołajewski
44304,Acapandié
44305,Stefan Dzodic
44306,Iliesse
44307,Salhi
44308,Waldock
44309,Neininger
44310,Vavassori
44311,Şant
44312,Kazancı
44313,Domènech González
44314,Lucas A.
44315,Ramos Fernández
44316,Mario Ramos
44317,Naasei
44318,Oscar Naasei
44319,Martínez Martínez
44320,Tawfik
44321,Bentayeb
44322,Al Aboud
44323,M.Alobud
44324,Muntathir
44325,M.Alshaqaq
44326,Ali. J
44327,Miguel Jan
44328,Salas Franch
44329,Jan Salas
44330,González Pallarés
44331,Manu González
44332,Manu G.
44333,Dhirar
44334,Brik
44335,K.Gasnier
44336,Inao.C
44337,Y. Sanyang
44338,Roni
44339,Hudd
44340,Cuenca Cejudo
44341,Andrés Cuenca
44342,A. Cuenca
44343,Othniël
44344,Raterink
44345,Dalmasso
44346,Zufiaurre
44347,Marsengo
44348,Vasconcelos F. G.
44349,João Vasconcelos
44350,Vasconcelos
44351,Ivanovic
44352,Heitmann
44353,Tutierov
44354,Klimowicz M
44355,H.Alasmari
44356,Matton
44357,Bassem
44358,Al Arini
44359,Haqawi
44360,Álvarez Llopis
44361,Anna Álvarez
44362,Velasco Heim
44363,Alma Velasco
44364,Noemí
44365,Bejarano Beltrán
44366,Ngor
44367,E. Moreno
44368,Monastirlis
44369,A.Zossou
44370,Clarence Savio
44371,Luque Fernández
44372,Daniela Luque
44373,D. Luque
44374,Fernández Casino
44375,Guille Fernández
44376,Madrigal
44377,Hernández Mesas
44378,Jesús Hernández
44379,Ismeal
44380,Kacurri
44381,Elsen
44382,Luzie
44383,Zähringer
44384,Lany Mia
44385,Samuel-Ogunsuyi
44386,M. Sulaiman
44387,Meitei Laishram
44388,Lalrinfela
44389,Khiangte
44390,Marfella
44391,Fleuriau Chateau
44392,Smolenaars
44393,Malsawmtluanga
44394,Lalsangliana
44395,Toni Fernández
44396,Jónatas Xavier
44397,Noro
44398,Jónatas Noro
44399,Jónatas
44400,Rouquet
44401,Kentissia
44402,Bacoul-Juillard
44403,B.Juillard
44404,Chaine
44405,Konteh
44406,Tajaouart
44407,Al Buainain
44408,Hasip
44409,Korkmazyürek
44410,Korkmazyurek
44411,Estifen
44412,Jiménez Corredor
44413,David Jiménez
44414,D.Jiménez
44415,P.Sissoko
44416,Hatchi
44417,Campo
44418,Canales Urtasun
44419,E. Baidoo
44420,García Chico
44421,Iker García
44422,Lankshear
44423,Serrano Palomo
44424,Natalia Serrano
44425,M.Corredor
44426,Luís Maria
44427,Luís Gomes
44428,Esdras
44429,Jhunior
44430,Crespo Gutiérrez
44431,Aitor Crespo
44432,Rivas Moure
44433,Lucía Rivas
44434,L.Rivas
44435,Bilbao
44436,J. Bilbao
44437,Louër
44438,Miñambres Gutiérrez
44439,Daniela Miñambres
44440,Campbell-Slowey
44441,J.Fletcher
44442,Ozzi
44443,Furo
44444,Benaets
44445,Sonne-Schmidt
44446,Faberski
44447,Nibombe
44448,Monedero
44449,Niculăesei Plesca
44450,Fortea Tejedo
44451,Fortea
44452,Jahmai
44453,Simpson-Pusey
44454,Barbi
44455,Capi
44456,Thorstensen
44457,Mateos García
44458,Ángela Mateos
44459,A. Mateos
44460,Cantero Mariño
44461,Mario Cantero
44462,Borrell
44463,Palazzo
44464,N. Nicosia
44465,Raffin
44466,Aladji
44467,Cortés Moyano
44468,Álvaro Cortés
44469,Aguado Facio
44470,Diego Aguado
44471,A.Diatta
44472,G. Pastor
44473,Middlemas
44474,Broggio
44475,Olusesi
44476,Geremías
44477,Nadja
44478,Siljevic
44479,Winterburn
44480,Mayers
44481,Horan
44482,Tırpancı
44483,Egemen
44484,Kayra
44485,Yáñez Barla
44486,Daniel Yáñez
44487,Stawiecki
44488,El Hadj
44489,E.Kone
44490,Díaz Peregrina
44491,Juan Díaz
44492,Steeven
44493,Assengue
44494,Bochniarz
44495,De Sousa
44496,Le Guen
44497,Víctor M.V.
44498,Álvaro Miguel
44499,Barrios Machuca
44500,Xenia Barrios
44501,Prüfrock
44502,Henrique Miguel
44503,Sousa Arreiol
44504,Henrique Arreiol
44505,H. Arreiol
44506,Plicco
44507,Eduardo Manuel
44508,Felicíssimo
44509,Eduardo Felicíssimo
44510,E. Felicissimo
44511,Çakıroğlu
44512,Ruidías
44513,Dăncuș
44514,Dancus
44515,Diao Balde
44516,Siren Diao
44517,Bracco
44518,Kirilov
44519,Solvoll Laupstad
44520,Solvoll
44521,Ghimfuș
44522,Ghimfus
44523,Bostock
44524,Sørbo
44525,AlHashmi
44526,Cristóbal Fernández
44527,Rees-Dottin
44528,Jamaldeen
44529,Jimoh-Aloba
44530,Gunner
44531,Gaines-Ramos
44532,Pöpperl
44533,Serafim
44534,Matheus Serafim
44535,Hawighorst
44536,Paranaguá do Carmo
44537,Tamara Bolt
44538,Minjun
44539,Natali
44540,Ademar
44541,A. Robles
44542,Gael Joel
44543,Akogo Esono
44544,Germán García
44545,Topalovič
44546,López de Guereñu
44547,Marta López
44548,Guereñu
44549,Mimbacas
44550,Dobben
44551,López Gómez
44552,Pablo López
44553,Sherif
44554,Dermane
44555,El-Kathemi
44556,Henrick
44557,Do Marcolino
44558,Silcott-Duberry
44559,Elliana
44560,Büttiker
44561,Cardinali
44562,Postel
44563,Westley
44564,Panneflek
44565,Abed
44566,Pérez Hidalgo
44567,Ángel Pérez
44568,Ángel P.
44569,Muhannd
44570,Genderson
44571,Grayson
44572,Dettoni
44573,Gerald
44574,Alders
44575,Raggio
44576,Nieroth Lundgren
44577,Andrés Ochoa
44578,Granko
44579,A. Granko
44580,Bato
44581,KiWook
44582,Escorcia
44583,Abdulrauof
44584,Conde Gómez
44585,Tincho
44586,Domingo Ponce
44587,Relja
44588,Obrić
44589,Redruello Fernández
44590,Paula Redruello
44591,Lopez. G
44592,Rattalino
44593,W. Gomes
44594,Géza Dávid
44595,Okpaleke
44596,Mikkel Bro
44597,Teixeira Aragão
44598,Biel
44599,Nunoo
44600,M. Carvalho
44601,Röder
44602,van Duijn
44603,Korede
44604,Osundina
44605,Nsungusi
44606,Nsungusi Jr
44607,Inwoo
44608,Seongmin
44609,Jin Woong
44610,Choi Jin Woong
44611,JinWoong
44612,Sang Myung
44613,Lee Sang Myung
44614,SangMyung
44615,Kim Jun Yeong
44616,JunYeong
44617,Lebouath
44618,Garrido Hierro
44619,Rafita
44620,S. Vidigal
44621,Dafonte
44622,Rafii
44623,Soriba
44624,van den Elshout
44625,Ovando
44626,Krastev
44627,Salahudheen
44628,Koyambravan
44629,Subham
44630,Adri
44631,Hezarkhani
44632,Edwyn
44633,Jung Hoon
44634,Kim Jung Hoon
44635,JungHoon
44636,Juan Giovanni
44637,Gio Villa
44638,Arroyave
44639,Kerkvliet
44640,Ozhianvuna
44641,Rosborough
44642,Taho
44643,Pedro Fidel
44644,Cedillo Segura
44645,Shumaira
44646,Mheuka
44647,Carvalho dos Anjos
44648,Lucas Anjos
44649,Loza
44650,Guch
44651,Mateus Bula
44652,Dami Mané
44653,Mateus Mané
44654,Cocchi
44655,Mohafidh
44656,Mirisola
44657,Gurtubay Goyo
44658,Elene Gurtubay
44659,Kraaijeveld
44660,Castiñeyras López
44661,Carla Castiñeyras
44662,Carla Casti
44663,Mireya
44664,Zafra Carmona
44665,Mireya Zafra
44666,López de la Morena
44667,Laia López
44668,Dias Fernandes
44669,Diogo Fernandes
44670,Diogo F.
44671,Hinojo Estrada
44672,Roger Hinojo
44673,R. Hinojo
44674,Ndollo Bille
44675,Ndollo
44676,Amadou Matar
44677,Coundoul
44678,José Silva
44679,Ashia
44680,Visted
44681,Canny
44682,Neave
44683,Zacarias de Araujo
44684,Wagner Pinote
44685,W. Pinote
44686,Joi
44687,Nuredini
44688,Soham
44689,Varshneya
44690,Valdepeñas Talavera
44691,Víctor Valdepeñas
44692,Valdepeñas
44693,Scarpeccio
44694,Milai
44695,Perott
44696,Priosti
44697,Hasan Yakub
44698,İlçin
44699,Egouli
44700,Ciorbu
44701,Timoteo
44702,Sarabia
44703,C. Sarabia
44704,Yusuf Can
44705,Boran
44706,Başkan
44707,Gower
44708,Nicolau Benlloch
44709,Nicolau
44710,I. Perruzzi
44711,Nihouarn
44712,Emmerson
44713,Triston
44714,T.Rowe
44715,Efe Doğan
44716,Avena
44717,A.Rodriguez
44718,Errol
44719,Mundle-Smith
44720,Akomeah
44721,Ekaitz R. B.
44722,Chiavassa
44723,Davis III
44724,Sal
44725,Olivas
44726,Kortkamp
44727,Noham
44728,Carraro
44729,Aiara
44730,Agirrezabala Azkue
44731,Aiara Agirrezabala
44732,Prosper
44733,Bolu
44734,Shofowoke
44735,Jesús Rafael
44736,Barea Barroso
44737,Jesús Barea
44738,Maës
44739,D. Melvin
44740,Serrajordi Díaz
44741,Clara Serrajordi
44742,C. Serrajordi
44743,Martínez Gauna
44744,Oso
44745,Bernabéu García
44746,Dani Bernabéu
44747,D. Bernabéu
44748,Lanroy
44749,Machine
44750,Doménech Cedrés
44751,Ariadna Doménech
44752,Eamonn
44753,McCarron
44754,Fullah
44755,Basset
44756,Jourdren
44757,Ndjantou
44758,Rego
44759,Kapsimalis
44760,Mussa
44761,Khezami.K
44762,W. Martin
44763,Hansborg
44764,Tacafred
44765,Experience
44766,Núñez Ramírez
44767,Lucas Núñez
44768,Deusdado Rodrigues
44769,Rodrigo Rodrigues
44770,Valenza
44771,Jaran Eike
44772,Østrem
44773,Solozábal Granados
44774,Hugo Solozábal
44775,Solozábal
44776,Mattice
44777,Rodríguez Pascual
44778,Lydia Rodríguez
44779,Fernandes da Silva
44780,Henrique Silva
44781,Rocha Tavares
44782,Djé Tavares
44783,Dje T.
44784,Bürger
44785,M. Chávez
44786,Wohlmuth
44787,Koné K. A
44788,Ahmed Ahmed
44789,Aisar A.
44790,Anny
44791,Kerim-Lindland
44792,Pinillos Wilson
44793,Lander Pinillos
44794,L. Pinillos
44795,Ali Osman
44796,Kalın
44797,A. Hadhood
44798,D.Gueye
44799,Muthary
44800,Haugstrup
44801,Slørdal
44802,Demirbilek
44803,Esat
44804,Buğa
44805,Taha Emre
44806,İnce
44807,A. Alshamrami
44808,Sucu
44809,Rodri Suarez
44810,Donio
44811,Akol
44812,Akon
44813,M. Rodríguez
44814,Carbonell
44815,Sydney Ehizogie
44816,Osazuwa Omoruyi
44817,Chafik
44818,El Hansar
44819,Filling
44820,T. Balieiro
44821,Kiala
44822,Maharabam
44823,Maxion Singh
44824,Welma
44825,Fon
44826,Peixoto
44827,G. Mora
44828,I.Jesus
44829,M. Peralta
44830,Monzon L.
44831,Moncef
44832,Zekri
44833,Cecily
44834,Wellesley-Smith
44835,Illescas Montaño
44836,E. Coniac
44837,Mawuli
44838,Sinaté
44839,Awortwie-G.
44840,Hornemann
44841,Benkhaleq
44842,Houssine
44843,H.Rahimi
44844,Gajić
44845,S. Faye
44846,Howland
44847,Singerr
44848,Rafael L
44849,L.Traoré
44850,Obón Salido
44851,Manu Obón
44852,Obon
44853,M. Nkota
44854,Mendes Correia
44855,Jordan Mendes
44856,Petriu
44857,Dan-Cristian
44858,Capa
44859,Astigarraga
44860,G. Oliveira
44861,Tabuncic
44862,Dani Martin
44863,Rayan Lucas
44864,Marques de Souza
44865,R. Auzmendi
44866,Azamat
44867,Uriev
44868,Gourville
44869,Kapenga
44870,Duflos
44871,Binet
44872,Sohan
44873,Boiteau
44874,El Farissi
44875,Odera Samuel
44876,Adindu
44877,Junior Hanza
44878,Dorian Hanza
44879,Dorian Jr.
44880,J.Meza
44881,Ayoni Santos
44882,Franciszek
44883,Shokalook
44884,Hjalte Boe
44885,Presthus
44886,Torquato
44887,Sarver
44888,John David
44889,Taifi
44890,Stas
44891,Korzeniowski
44892,McSorley
44893,Elloumi
44894,Davy Gui
44895,Felipe L.
44896,Ikker Jl
44897,Jamison
44898,Pecsi
44899,Sami Jalal
44900,Karchoud
44901,Figueira Damasceno
44902,Miguel Figueira
44903,Eisner
44904,A. Campos
44905,Gudiño
44906,A. Soumare
44907,Camara Jr
44908,Maria Eduarda
44909,Dudinha
44910,Es-Saoubi
44911,Bien-Aimé
44912,Bien-Aime
44913,Hallie
44914,Meadows
44915,Żelezny
44916,Siliadin
44917,Joffrey
44918,Bultel
44919,S.Keita
44920,K.Merah
44921,Albæk
44922,Almenara
44923,G. Almenara
44924,De La Vega
44925,Gómez Mattar
44926,J. Gorosabel
44927,Baroni
44928,Khalifi
44929,Adewusi
44930,Al Manai
44931,Manai
44932,JeeWon
44933,Merlen
44934,Mitongo
44935,Owono-Darnell
44936,Keumo
44937,Soo Ah
44938,Lee Soo Ah
44939,SooAh
44940,Raçi
44941,Recio Gutiérrez
44942,Ángel Recio
44943,Helge
44944,Stringa
44945,Okon-Engstler
44946,Okon Jnr
44947,T.Diarra
44948,Choco
44949,Blerton
44950,Isufi
44951,Yanis Franklin
44952,da Rocha
44953,Yanis da Rocha
44954,Sabri
44955,Cymerys
44956,M. Mansour
44957,Adetunji Rasaq
44958,Adeshina
44959,Seibold
44960,Ngumoha
44961,Tómas Bent
44962,Gbemou
44963,Svitek
44964,Mlačić
44965,Surkis
44966,Pobegaylo
44967,Matsuzawa
44968,Rodrigo Miguel
44969,Azevedo Mendes
44970,Rodrigo Mendes
44971,Wragg
44972,González-Birchall
44973,Dani González
44974,Bop
44975,Guèye
44976,Al Haleel
44977,Skelin
44978,Liteta
44979,Muhlethaler
44980,Tylon
44981,Selfvén
44982,Agina
44983,Nkeng
44984,Haakon Ingdal
44985,Sørum
44986,Solstad-Nøis
44987,Mohya
44988,Pierre Landry
44989,Kabore
44990,Orak
44991,Özyurt
44992,Polášková
44993,Arda Çağan
44994,Ndzie
44995,M.Ndzie
44996,Goda
44997,Owolabi-Belewu
44998,Stepien-Iwumene
44999,Bruno Vilela
45000,Carvalho Fernandes
45001,Stretch
45002,Abadia-Reda
45003,Abadia
45004,Théna
45005,Massock
45006,Annan
45007,van Cruijsen
45008,Rijssel
45009,Ryoga
45010,Kida
45011,Petiet
45012,Barbrook
45013,Kelder
45014,Menke Lopes
45015,Henrique Menke
45016,Košpo
45017,Braschi
45018,De Martis
45019,K. Prieto
45020,Alastra
45021,Jismerai
45022,Dillema
45023,Cairo
45024,Yénio
45025,Wik
45026,Gadegbeku
45027,Al Asbahi
45028,Correia Venâncio
45029,Rafael Venâncio
45030,El Jamali
45031,Ouzenadji
45032,Arthylio
45033,Murcy
45034,Raache
45035,Dziki
45036,Mota Freitas
45037,Gui Freitas
45038,Ztouti
45039,de Laat
45040,Freek
45041,Entius
45042,Elekwa
45043,Dusinszki
45044,Valkanis
45045,Princewill
45046,Tylel
45047,Tati
45048,Fergusson
45049,Nikic
45050,Llorente Korta
45051,Korta
45052,Or
45053,Israelov
45054,Cléo
45055,Mélières
45056,Pepijn
45057,Reulen
45058,Jemuel
45059,Erat
45060,Chiza
45061,Givaro
45062,Rahajaän
45063,Giannino
45064,Vianello
45065,Abdelraffie
45066,Benzzine
45067,Yamano
45068,Olfers
45069,Rojendro
45070,Oudsten
45071,Henriques da Silva
45072,Guilherme Smith
45073,Savonnier
45074,Liavas
45075,Tsunashima
45076,J. Martinez
45077,Istocki
45078,Godoi Santos
45079,Allan Godoi
45080,Rhaldney
45081,Simião Gomes
45082,Janderson
45083,de Carvalho Costa
45084,Gorter
45085,Wathuta
45086,Snyder
45087,Brunell
45088,Alegría
45089,Vost
45090,Bathily
45091,Zilliox
45092,Tamarit Tamarit
45093,Toni Tamarit
45094,Tamarit
45095,Kassama
45096,Mavraj
45097,Harkass
45098,Wawa
45099,Landerson
45100,Costa Araújo
45101,Ebrar
45102,Magni
45103,Elikya
45104,Mezerette
45105,Rodin
45106,Devernois
45107,Mituljikic
45108,Ventosa González
45109,Martínez Montero
45110,Sergio Martínez
45111,Sergio M.M.
45112,Aghama
45113,Efe J. Jr
45114,Torrents Salvat
45115,Jofre Torrents
45116,J. Mensah
45117,Fernández Arroyo
45118,Manu Fernández
45119,Unax
45120,Agote Aranburu
45121,Unax Agote
45122,Gorka Gorosabel
45123,G. Gorosabel
45124,Orobengoa Arbelaiz
45125,Orobengoa
45126,Koubini
45127,Hartog
45128,Esquivel Gámez
45129,Salvi Esquivel
45130,Fernández
45131,Dro Fernández
45132,Dro
45133,Pérez del Amo
45134,Joselu Pérez
45135,Martín Wilhelm
45136,Pérez Gómez
45137,Nacho Pérez
45138,Altozano Agudo
45139,Edu Altozano
45140,Sierra Ortega
45141,Miguel Sierra
45142,M. Sierra
45143,Blázquez Labraca
45144,Aimar Blázquez
45145,Jean Yves
45146,Valou
45147,J. Ives Valou
45148,Maxima
45149,Goffi
45150,Koutoune
45151,De Carvalho Soares
45152,Mathys De Carvalho
45153,Koumbassa
45154,Vossah
45155,García Murillo
45156,Fermín García
45157,Eppink
45158,Imigene
45159,Said Sy
45160,Maiga Koita
45161,Abdou Maiga
45162,Maiga
45163,Sánchez Collantes
45164,Juan Sánchez
45165,J. Sanchez
45166,Moubeke
45167,Jiménez Gambín
45168,Gambín
45169,Mario Gambin
45170,Fall Lázaro
45171,Seydou Fall
45172,Franco de la Torre
45173,Santi Franco
45174,Cardines
45175,Eceizabarrena
45176,Jon Eceizabarrena
45177,Garro Larrarte
45178,Jon Garro
45179,Theo Mickael
45180,Kevin Folgado
45181,Theo Folgado
45182,Carrera Zarranz
45183,Gorka Carrera
45184,Astiazarán Escabias
45185,Astiazarán
45186,Aranda Rojas
45187,Ernie
45188,İbrahim
45189,Ogundu
45190,Tarık Buğra
45191,Kalpaklı
45192,Yiğit Efe
45193,Maia Pereira
45194,Gonçalo Maia
45195,G. Maia
45196,Martínez Bastida
45197,Antonio Martínez
45198,A. Martínez
45199,Velilla Miró
45200,Antonio Velilla
45201,Prendes Ortiz
45202,Enol Prendes
45203,Agbaje
45204,Aiman
45205,Dardari
45206,Carvalho Teixeira
45207,Gabriel Carvalho
45208,Shalom
45209,Valesca
45210,Ampoorter
45211,Vignolo
45212,Darris
45213,Zema
45214,Naïme
45215,Saïd Mchindra
45216,S Mchindra
45217,Bakhouche
45218,Efuele Ngoyala
45219,M. W. de Oliveira
45220,Matheus Mendes
45221,M. Mendes
45222,Siebeking
45223,Varfolomeev
45224,Hijikata
45225,Kelian
45226,Silistrie
45227,Nordan
45228,Mukiele Jr
45229,Echegoyen Berrozpe
45230,Corralejo Mantero
45231,Iván Corralejo
45232,Pitarch Pinar
45233,Thiago Pitarch
45234,Santiago López
45235,Pablo Santiago
45236,Pittarella
45237,Gioele
45238,Zacchi
45239,San Modesto
45240,Hugo San
45241,Moslih
45242,Burrowes
45243,Nam James
45244,Mohamed Alì
45245,Zoma
45246,Bashi
45247,Marietta
45248,J.Gelli
45249,Ndow
45250,Capolupo
45251,Di Maggio
45252,Tumiatti
45253,Bertoncini
45254,M. Caicedo
45255,El Mahboub
45256,Sulyman
45257,Krubally
45258,Brasero
45259,Islamdine
45260,Halifa
45261,Hildesheim
45262,Nador
45263,Tonoli
45264,Pezzolato
45265,Lima de Castro
45266,Dani Bolt
45267,True
45268,Pereira Vargas
45269,Raúl Pereira
45270,Kireev
45271,Kristoffersen
45272,dos Santos Ferreira
45273,Stanislas
45274,Kielt
45275,Melo Araujo Júnior
45276,Daniel Júnior
45277,Daniel Jr
45278,Genuino Lobato
45279,Rafael Lobato
45280,Bakoune
45281,Campos Rocha Olivei
45282,Clarinha
45283,Gonçalves Santos Va
45284,Joana Valente
45285,Elydjah
45286,N'Tamon
45287,N'Tamon Elie
45288,Suárez Cárdenes
45289,David Suárez
45290,Lysandrou
45291,Poursaitidis
45292,Iuri
45293,Weslley
45294,Pinto Batista
45295,Patati
45296,Pedro Ataíde
45297,de Souza Oliveira
45298,Opah
45299,Virgili Tenas
45300,Jan Virgili
45301,Oliveira Meirelles
45302,Luca Meirelles
45303,Isaque
45304,Severino Silva
45305,K.Alsbahi
45306,Šín
45307,Al Harfi
45308,Rengifo
45309,J. Rengifo
45310,Lalbiakdika
45311,Vanlalvunga
45312,David Kaiki
45313,Flores da Silva
45314,Mokwana
45315,Bärtl
45316,López Cortés
45317,Hugo López
45318,Vermeșan
45319,Vermesan
45320,Balentien
45321,Boi
45322,Lorenzelli
45323,Coubiș
45324,Coubis
45325,Jakóbczyk
45326,Sinkiewicz
45327,Al Fawaz
45328,AlFawaz
45329,Eron
45330,Gojani
45331,Nana Kwame
45332,Meliga
45333,Meliga Jr
45334,Benito Zaldívar
45335,Nerea Benito
45336,da Costa Nogueira
45337,Miguel Nogueira
45338,M. Nogueira
45339,Oihana
45340,Agirregomezkorta
45341,Txell Font
45342,Aïcha
45343,Cámara Cámara
45344,Aïcha Cámara
45345,Hernández Gallardo
45346,Sofía Hernández
45347,Ismahila
45348,Ainhoa Doménech
45349,Sémbène
45350,M.Sembene
45351,Mambwa
45352,Overmars
45353,Stiel
45354,Sarasua García
45355,Karolina Sarasua
45356,Pantovic
45357,Lorran Lucas
45358,Pereira de Sousa
45359,Lorran
45360,Daali
45361,De Jaegere
45362,Van Keymolen
45363,Seha
45364,Zaid.S
45365,Ocansey
45366,Sarli
45367,Milosavljević
45368,Hülsenbusch
45369,Gustavo Teixeira
45370,Gustavo Mancha
45371,Markhiev
45372,Markhiyev
45373,Sarno
45374,Ogam
45375,Austin Uzondu
45376,Mebae
45377,Aagaard
45378,Burgio
45379,Lakyle
45380,Odede
45381,E.Odede
45382,Lalrinzuala
45383,Lalbiaknia
45384,Mirčetić
45385,Beszant
45386,Lalnuntluanga
45387,Bawitlung
45388,Deveron
45389,Fonville
45390,Bèye
45391,Casalino
45392,Gibert
45393,Jordana Cámara
45394,Gibi
45395,Papa Dame
45396,Prekop
45397,Gonçalves Martins
45398,Matheus Gonçalves
45399,Matheus G.
45400,Emery
45401,Molina Colorado
45402,Adrián Molina
45403,A. Niang
45404,Djordjević
45405,Naafo
45406,Jonas. N
45407,Thalys Henrique
45408,Gomes de Araújo
45409,Thalys
45410,Sani
45411,Alibasic
45412,Arous
45413,Valerin
45414,Loboa
45415,Bertoncello
45416,Ousseynou Fall
45417,Gossé
45418,Marie Gossé
45419,Neeku
45420,Purcell
45421,Gidi
45422,Radojević
45423,Djemba-Mbappé
45424,Y.Djemba
45425,Potulski
45426,Aguirre Basurco
45427,Ibai Aguirre
45428,Doltra Bufill
45429,Berta Doltra
45430,B. Doltra
45431,Molina Moleón
45432,Vera Molina
45433,Vera M.
45434,MacDarragh
45435,Baba Salifu
45436,Apiiga
45437,Courage
45438,Otokwefor
45439,Ernestas
45440,Lysionok
45441,Astaldi
45442,Duham
45443,Ballumbrosio
45444,Delmás
45445,E. Delmás
45446,Musibau
45447,Feyzo
45448,Kasumovic
45449,Malual
45450,Nichola
45451,Nickolas
45452,Heater
45453,Fransen
45454,Mewett
45455,Gomes Furtado
45456,Ale Gomes
45457,Kurai
45458,Musanhi
45459,Tobajas Cabeza
45460,Tobajas
45461,Conde Piñeiro
45462,Miguel Conde
45463,M. Conde
45464,Tankadhar
45465,Ramos de Souza
45466,Pereira Duarte
45467,Gluscevic
45468,Bley
45469,Mendes Miranda
45470,André Miranda
45471,Karakoç
45472,Saviolo
45473,Noah Saviolo
45474,Ricardo Joaquim
45475,Ferreira Rocha
45476,Rica Rocha
45477,Rica
45478,Ferrante
45479,Abeldaño
45480,Bendra
45481,Fousseny
45482,Mfuni
45483,Al Sahihi
45484,Kabwit
45485,Len
45486,Voûte
45487,Voute
45488,Iris Ashley
45489,Santiago Garrido
45490,Folgado Blanco
45491,Adriana Folgado
45492,Petrignani
45493,Pintér
45494,Bouajila
45495,Bachir
45496,Isyak
45497,Nora Harnes
45498,Håheim
45499,Haaheim
45500,Atoen
45501,Luca Ekrem
45502,Stancic
45503,Tahsin
45504,Dansoko
45505,Dench
45506,Devrim
45507,Farcomeni
45508,Timorán
45509,Souza de Jesus
45510,Sabatini
45511,Taufik Seidu
45512,Zanzi Awudu
45513,Taufik S.
45514,Wesley Bruno
45515,Lima Delgado
45516,Wesley Delgado
45517,García del Peso
45518,Claudia García
45519,Alestig
45520,Obregón
45521,Daðason
45522,Vitus
45523,Hoeg
45524,Ferreira Costa
45525,Laghzaoui
45526,Ylvi
45527,Eisenbeiß
45528,Spranger
45529,Yanik
45530,Spalt
45531,Kretschmer
45532,Lancinet
45533,Lass Kourouma
45534,Lass
45535,Monreal Agundez
45536,Iker Monreal
45537,Monreal
45538,Sælen
45539,Pathompon
45540,Charoenrattanapirom
45541,Bettazzi
45542,Olaizola Jiménez
45543,Javier Olaizola
45544,Olaizola
45545,Danyal
45546,Zor
45547,Kuffour Jr.
45548,Kuffour Jr
45549,Jangeal
45550,Calderon Balda
45551,Iker Calderon
45552,Oleaga Arregi
45553,Joan Oleaga
45554,Carvalho Moreira
45555,Gonçalo Moreira
45556,G. Moreira
45557,Celia Gómez
45558,John-Oliver
45559,Lacayo
45560,Comfort
45561,Weigel
45562,Weinhandl
45563,Rutkjær
45564,Gustafsen
45565,Grella
45566,Pansa
45567,Hemviboon
45568,Ratthanakorn
45569,Maikami
45570,Supachai
45571,Chaided
45572,Faya
45573,Vater
45574,Ehe
45575,Balamotis
45576,Fandi
45577,Phitiwat
45578,Sookjitthammakul
45579,Korraphat
45580,Nareechan
45581,Thanakrit
45582,Chotmuangpak
45583,Nathakorn
45584,Rattanasuwan
45585,Shinnaphat
45586,Leeaoh
45587,Camilo Andres
45588,Durán Márquez
45589,Camilo Durán
45590,Camilo Duran
45591,Theiß
45592,Urbich
45593,Abrangao
45594,Pedro Felipe
45595,de Jesus Gomes
45596,Correia Posser Lima
45597,Ivan Lima
45598,Morcillo Muñoz
45599,Diego Morcillo
45600,Ballestero García
45601,Carlos Ballestero
45602,Ballestero
45603,Peñalvo Martín
45604,Natalia Peñalvo
45605,Pérez Curci
45606,Laoukili
45607,Nišandžić
45608,Ogundana
45609,Atle
45610,Wahlund
45611,Tómas Óli
45612,Baye
45613,Kalms
45614,Koski
45615,Oiva
45616,Jukkola
45617,Martinec
45618,Matyas
45619,Silhavy
45620,Layousse Samb
45621,Layousse
45622,Ribeiro Tristão
45623,Carolina Tristão
45624,Buonarroti
45625,Vöhringer
45626,Flores Castro
45627,Juanjo Flores
45628,Mwisho
45629,Mhango
45630,Antino
45631,Acuña Vera
45632,Tadiwanashe
45633,Kuzamba
45634,Al Oui
45635,Shehab
45636,Ellethy
45637,Veleten
45638,Awan
45639,Lual
45640,Yandri
45641,Y. Vasquez
45642,Montrell
45643,Culbreath
45644,Pharell
45645,Eymen
45646,Laghrissi
45647,Hodak
45648,Harouna
45649,Djibirin
45650,Minne
45651,Cheikne
45652,Espart Font
45653,Xavi Espart
45654,Damasiewicz
45655,Odai
45656,Abdulghani
45657,Brenneisen Vargas
45658,Vitor Vargas
45659,Prekodravac
45660,Maieroni
45661,Mutokoyi
45662,Oriola
45663,Gardenier
45664,Jun'ai
45665,Byfield
45666,Noveli
45667,Attia
45668,M. Attia
45669,Utkir
45670,Yusupov
45671,Odildzhon
45672,Khamrobekov
45673,Khozhiakbar
45674,Alizhonov
45675,Sherzod
45676,Nasrullaev
45677,Farrukh
45678,Sayfiev
45679,Eshmurodov
45680,Mozgovoy
45681,Ruslanbek
45682,Jiyanov
45683,Azizbek
45684,Amanov
45685,Ganiev
45686,Tiago Souza
45687,Botirali
45688,Ergashev
45689,Abduvokhid
45690,Nematov
45691,Muteba N'Tumba
45692,Muteba
45693,I. Adel
45694,Hossam
45695,Abdelmaguid
45696,Dhruv
45697,Alva
45698,Le Borgne
45699,Siviero
45700,Fodé Carlos
45701,Gaspar Pascoal
45702,Fodé Pascoal
45703,Pascoal
45704,Kutleshi
45705,Anaru
45706,Stanisic
45707,Helweh
45708,Oyekunle
45709,Jelani
45710,Al Suwailem
45711,Wallentowitz
45712,Al Jamaan
45713,Zaher
45714,Makkawi
45715,Roede
45716,Blokhuis
45717,Wijnreder
45718,Ribeiro Alves
45719,Rafael Ribeiro
45720,Zaddy
45721,Tadjidine
45722,Mmadi
45723,Lavelli
45724,Mosconi
45725,Garuccio
45726,Mbula-Monga
45727,Phillis
45728,Dills
45729,Krslovic
45730,Lachie
45731,Saglam
45732,Jaspreet
45733,Sirozhiddin
45734,Kuziev
45735,Corean
45736,Holtman
45737,Brad-Hamilton
45738,Mantsounga
45739,Kokosiński
45740,Rodríguez Paz
45741,Manu Rodríguez
45742,Manu R.
45743,Riestra Coalla
45744,Nico Riestra
45745,N. Riestra
45746,D. Gueye
45747,Harwood
45748,Selton Sued
45749,Sánchez Camilo
45750,Selton
45751,Trollsas Fenger
45752,Moreno Fell
45753,Izhak
45754,Hammoudi
45755,Bolcato
45756,Al-Najar
45757,Sixten
45758,Theodor
45759,Lundbergh
45760,Vozar
45761,Cárcamo
45762,Bil
45763,Nsongo
45764,Nsongo Bil
45765,Matties
45766,Volckaert
45767,Müggenburg
45768,Hierro Campo
45769,Asier Hierro
45770,Leveälahti
45771,Antton
45772,Nylund
45773,Gómez Luna
45774,Ainoa Gómez
45775,Martret Jiménez
45776,Laia Martret
45777,Twisk
45778,Rowswell
45779,Akhamrich
45780,Khadr
45781,Gulasi
45782,Hensel
45783,Barnaby
45784,Armandas
45785,Raudonis
45786,Keeto
45787,Thermoncy
45788,Dodote
45789,Al Dawood
45790,Aldawood
45791,Mastouri
45792,Belammari
45793,Kapor
45794,Aloko
45795,Domínguez Carriles
45796,Mario Domínguez
45797,Mario D.
45798,Haughey
45799,Laprida
45800,Paogoumang
45801,Singson
45802,Jhon Tilman
45803,Oswin
45804,Appollis
45805,Mbekezeli
45806,Mbokazi
45807,Lamgoulen Gou
45808,Hangshing
45809,Gogou Hangshing
45810,Gogou
45811,M. Saber
45812,Lashin
45813,M. Lashin
45814,Lushendry
45815,Martes
45816,Zwart
45817,Ouarghi
45818,Shaqueel
45819,S. van Persie
45820,Morientes Palencia
45821,Hamdani
45822,Janyszka
45823,Vicelich
45824,Foxe
45825,Matuanana
45826,Tchamda
45827,Odera
45828,Ishuayed
45829,Bettoni
45830,Titulaer
45831,Al Muhaisen
45832,Ashi
45833,E a shi
45834,Cielo
45835,Tschantret
45836,Dujuan
45837,Schlich
45838,Naba
45839,N. Mensah
45840,Fatouh
45841,A. Fatouh
45842,Blackman
45843,Garven
45844,Metusala
45845,Duverger
45846,Kouraklis
45847,Mylo
45848,van der Lans
45849,Legendre Quiñonez
45850,García Franco
45851,Pery
45852,Pery García
45853,Ferreira Rêgo
45854,Rodrigo Rêgo
45855,Frangella
45856,Macchioni
45857,Tomás Noël
45858,Marqués Morera
45859,Tommy Marqués
45860,Montes García
45861,Jorge Montes
45862,Jykese
45863,Eyyüb
45864,Yasar
45865,Mardochée
45866,Redushko
45867,Tijman
45868,Thabang
45869,Matuludi
45870,Khulumani
45871,Ndamane
45872,Thalente
45873,Mbatha
45874,Tshepang
45875,Moremi
45876,Rusen
45877,Mofokeng
45878,Nandja
45879,García Altuna
45880,Eder García
45881,Cicale
45882,Devitt
45883,Fiston
45884,Mayele
45885,Dzevlan
45886,Akshat
45887,Mehra
45888,Vinjor
45889,Santana dos Santos
45890,Macià Coves
45891,Carlos Macià
45892,Macià
45893,Younes Jaber
45894,El Meftahi
45895,Obougou
45896,Leiva Calvo
45897,Marcos Leiva
45898,Ayo Larrañaga
45899,Unax Ayo
45900,Houssam Kounia
45901,Ait Tamlihat
45902,Houssam
45903,Abdón Naval
45904,Carla Abdón
45905,Sonsoles
45906,Martín Villanueva
45907,Sonsoles Martín
45908,Kleis-Kristoffersen
45909,Boñar Franco
45910,Javi Boñar
45911,J.Boñar
45912,Dittrich
45913,Mattheo
45914,Guendez
45915,Eymard
45916,Iliès
45917,Abdelkrim
45918,Gibs
45919,Erblin
45920,Sadikaj
45921,Jan-Peter
45922,Ilic
45923,Lauryn
45924,Sissokho
45925,Eversen
45926,Jinairo
45927,Quetant
45928,Formoso Neto
45929,José Neto
45930,J. Neto
45931,Uco Blopa
45932,Salvador Blopa
45933,S. Blopa
45934,Carrillo Collazo
45935,Noé Carrillo
45936,Martinez Moreno
45937,Dani Martinez
45938,Cestero Sancho
45939,Jorge Cestero
45940,Cestero
45941,Marijan
45942,Österreicher
45943,Scutt
45944,Cenny
45945,Milly
45946,Round
45947,Lado
45948,Akhalaia
45949,Ben Hessen
45950,Priyansh
45951,Dubey
45952,Schjønning-Larsen
45953,Legolas
45954,Ouazane
45955,A. Ouazane
45956,Trepy
45957,Ofli
45958,Manuba
45959,Schenten
45960,Ribeiro Duarte
45961,Tiago Duarte
45962,T. Duarte
45963,Staff
45964,Vogler
45965,Mrden
45966,Tunde Ruiz
45967,Kareem Tunde
45968,K. Tunde
45969,Millgramm
45970,Verkooijen
45971,Agboluaje
45972,Elasri
45973,Schnitzer
45974,Kaltefleiter
45975,Bendito
45976,Mantato
45977,Avlayici
45978,Kamil Efe
45979,Üregen
45980,Steinmann
45981,Steinke Brånby
45982,De Abreu
45983,Hrannar Snær
45984,Flax
45985,Iqraam
45986,Rayners
45987,Mauro Jesús
45988,Smarra Vargas
45989,Mauro Smarra
45990,Yiriyon
45991,Acito
45992,Lamine Sadio
45993,M. Georgiev
45994,T.Fletcher
45995,Ajak
45996,Riak
45997,Krčík
45998,García Mestanza
45999,Mestanza
46000,Kontouris
46001,Devlan
46002,Aodhan
46003,Llyton
46004,Lebas Da Silva
46005,Victor Lebas
46006,Haroun
46007,Ramez
46008,Al Attar
46009,Borland
46010,Díaz Del Romo
46011,Julio Díaz
46012,Luque Sierra
46013,Iker Luque
46014,Rômulo Helberth
46015,Pereira Júnior
46016,Rômulo Jr.
46017,Ferreira Gonçalves
46018,Flávio Gonçalves
46019,Flávio G.
46020,Houdayer
46021,Fuentes Pérez
46022,Diego Fuentes
46023,Zaverdinos
46024,Helgesen
46025,Kamber
46026,Gizo
46027,Alysson Edward
46028,F. da R. dos Santos
46029,Alysson
46030,Raif
46031,Grass
46032,Sambrook
46033,Alborghetti
46034,Thiland-Herard
46035,Thiland Herard
46036,Ilane
46037,Daniel Xavier
46038,Daniel Semedo
46039,Pavlos
46040,Pantelidis
46041,Andō
46042,Guilherme Luiz
46043,G.Olyver
46044,Saikuba
46045,Jarju
46046,McKeen
46047,Doni
46048,Arifi
46049,Dieguito
46050,Isife
46051,Gianna
46052,Suliafu
46053,Laney
46054,Rouse
46055,Meila
46056,Irow
46057,Mimi
46058,Lageyre
46059,Karsyn
46060,Cherry
46061,Kat
46062,Rader
46063,Braihan
46064,B. Palma
46065,Mikulić
46066,Copley
46067,Hernan
46068,Robaldo
46069,Valladolid
46070,Josh-Duc
46071,Nteziryayo
46072,Obah
46073,O. Prosper
46074,Kain
46075,Adom
46076,Pil Gwan
46077,Ko Pil Gwan
46078,PilGwan
46079,Learned
46080,Jeong Beom
46081,Son Jeong Beom
46082,JeongBeom
46083,Beck-Ray
46084,Enoru
46085,N.Albishi
46086,Ejike
46087,Julius Opara
46088,O. Ejike
46089,Mathias da Silva
46090,Ricardo Mathias
46091,R. Mathias
46092,Siame
46093,José Dilan
46094,Alí
46095,Dilan Alí
46096,Dilan A.
46097,Ibon
46098,Badiola A.
46099,Ibon Badiola
46100,Nahany
46101,Al Habeeb
46102,Amaral Lutkowski
46103,Rafael Lutkowski
46104,Rafinha
46105,Medeiros de Moura
46106,Roni Moura
46107,Vasconcelos Ramos
46108,Yeicar
46109,Troise
46110,Manex
46111,Lozano Carmona
46112,Manex Lozano
46113,Pello
46114,Pello Arana
46115,Marai
46116,Ranera Casanovas
46117,Adriana Ranera
46118,Success
46119,Ameyaa
46120,Emmet
46121,Catalina
46122,Alasia Ongaro
46123,Byrnak
46124,Olaug
46125,Tvedten
46126,Halter
46127,Evan Eghosa
46128,Aisowieren
46129,Guliashvili
46130,Jennissen
46131,Ime Udo
46132,Ndon
46133,Barabaa
46134,Bucknor
46135,Al Ajian
46136,Suleman
46137,Moa
46138,Edrud
46139,Wasiima
46140,Azzam
46141,Al Sarnoukh
46142,Kitahata
46143,Padelski
46144,Klenke
46145,Wojdelko
46146,Mirann
46147,Gacioch
46148,Crole
46149,Ullmark
46150,Al Shanqiti
46151,Al Zaynaldeen
46152,Eyad
46153,Housa
46154,Essam
46155,Bahri
46156,Al Khanani
46157,Geovanny
46158,G.Balanta
46159,Borislav
46160,Rupanov
46161,Gidado
46162,Schreuder
46163,Merién
46164,Karamba
46165,Faasse
46166,Odhran
46167,Maedine
46168,Makhloufi
46169,Loupalo-Bi
46170,Grundt
46171,Agougil
46172,Caillet
46173,Lallias
46174,Panduro
46175,Meili
46176,Vojta
46177,Ťapaj
46178,Charles-André
46179,Emerson Negueba
46180,Heskey
46181,Paul Bismarck
46182,Tabinas
46183,Burkitt
46184,Kenay
46185,Myrie
46186,Masic
46187,Burcio García
46188,Hugo Burcio
46189,Burcio
46190,Ulices
46191,Himbert
46192,Vasco Moreira
46193,Bezerra de Oliveira
46194,Diogo Bezerra
46195,Welinton
46196,Macedo dos Santos
46197,Welinton Torrão
46198,W. Torrão
46199,Balbo
46200,Marques Franco
46201,Zé Franco
46202,Ali Badra
46203,Abdul Kader
46204,Moussa Kone
46205,Iraia
46206,Jiménez Toledo
46207,Iraia Jiménez
46208,Leiva Alemany
46209,Álvaro Leiva
46210,Palacios Pérez
46211,César Palacios
46212,Jocelin
46213,Ta Bi
46214,Jocelin.T
46215,Bede
46216,Buse
46217,Shion
46218,Shinkawa
46219,Husic
46220,Biazid
46221,Hingerl
46222,Puso
46223,Dithejane
46224,Aïssat
46225,Wy
46226,Zengue
46227,Gytis
46228,Paulauskaas
46229,Eythor
46230,Bjørgolfsson
46231,Iason
46232,Nempis
46233,Youssif
46234,Sánchez Mantecón
46235,Álex Sánchez
46236,Alex S.M.
46237,Metu
46238,Lardner
46239,Mato
46240,Marinho dos Santos
46241,Jeh
46242,Addo
46243,Din-Licaciu
46244,Laurelli
46245,Alcaide
46246,S.Harun
46247,Roselli
46248,Dramisino
46249,Ingratti
46250,Madero
46251,Ransford
46252,Amoo
46253,Slade
46254,Starnes
46255,Jaidyn
46256,Thaiel
46257,Kwaku
46258,Agyabeng
46259,Dalgado
46260,Spoden
46261,Naoufal
46262,Bohamdi-Kamoni
46263,Jagušić
46264,Kenyel
46265,Crego
46266,Cena
46267,Rohan
46268,Rajagopal
46269,Morosini
46270,Larregui
46271,Tsukanome
46272,Crișan
46273,Gherasimencov
46274,Sundstrom
46275,Kaiden
46276,Sarajian
46277,Lorenzon
46278,Lee Isaac
46279,Madarász
46280,Menzo
46281,de Souza Menezes
46282,Ho Jin
46283,Kim Ho Jin
46284,HoJin
46285,Osmar
46286,Diocou Ndiaye
46287,B. Diocou
46288,Dae Geun
46289,Yun Dae Geun
46290,DaeGeun
46291,García Arana
46292,Tarbă
46293,Robbemond
46294,Kaïl
46295,Boudache
46296,Beno
46297,Selan
46298,Daniel Armando
46299,Banjaqui
46300,Daniel Banjaqui
46301,Anísio Cláudio
46302,Anísio
46303,Gueladan Doué
46304,Adjabeng
46305,Loras Sola
46306,Lucía Loras
46307,Kers
46308,O'Steen
46309,Seven
46310,Castain
46311,Al Bakr
46312,Jainikoski
46313,Dellarose
46314,Egizii
46315,DeLisle
46316,Tulián
46317,Carolyn
46318,Calzada
46319,Fernandez Dav
46320,Jussef
46321,Nasrawe
46322,Kevon
46323,Rafaelli
46324,Linberg
46325,Sykut
46326,Nigar
46327,Beliandjou
46328,Ati Allah
46329,Lovis
46330,Bierschenk
46331,Scharlau
46332,Al Siyahi
46333,Cho Young Jun
46334,YoungJun
46335,Bais
46336,Jagoda
46337,Cyraniak
46338,Zoárd
46339,Jordynn
46340,Dudley
46341,Kevin dos Santos
46342,Costa Freitas
46343,Rodrigo Freitas
46344,Jørgen
46345,Voilås
46346,Roos Trujillo
46347,Rayan Vitor
46348,Simplício Rocha
46349,Yoke
46350,Salim Fago
46351,Maraude
46352,Piña
46353,Katris
46354,Talisson
46355,Derlan
46356,de Oliveira Bento
46357,Márcio Salomão
46358,Brazão da Rosa
46359,Márcio Rosa
46360,González Muñoz
46361,Izan González
46362,Lalrochana
46363,Victor Britto
46364,Navarro Marín
46365,Carlos Navarro
46366,Glory
46367,Nzingo
46368,Lalmuanawma
46369,Lalngaihsaka
46370,Henrique Frizzo
46371,Matheus Frizzo
46372,Verinac
46373,Arielson
46374,Sampaio Galvão
46375,Al sobhi
46376,Azaizeh
46377,A.Aziazeh
46378,Bogere
46379,Klusner
46380,Homssa
46381,Luís Matías
46382,Hernández Mirueña
46383,Matías Hernández
46384,Cuestas
46385,Ichihara
46386,Ligocki
46387,Plantinga
46388,Ingmar
46389,Natnael
46390,Abraha
46391,Jug
46392,Stanojev
46393,Mbala
46394,Noubissie
46395,Andrade Silva
46396,Milosavljevic
46397,Bokhno
46398,Bouke
46399,Boersma
46400,Gelini
46401,Irati
46402,Alfaro Nagore
46403,Irati Alfaro
46404,Kalinger
46405,Bordagaray Casado
46406,Ane Bordagaray
46407,Massaccesi
46408,Alaggia
46409,Nasso
46410,Ondoa Onambele
46411,Bukinac
46412,Nabza
46413,Aviel
46414,Zargari
46415,Koloto
46416,Puddu
46417,Radic
46418,Antonijo
46419,Janjic
46420,Matthaios
46421,Tsigkas
46422,Haydeer
46423,Abdulkareem
46424,Ebindas
46425,Yesudasan
46426,Bertomeu de la Hoz
46427,Victor Bertomeu
46428,Ylinn
46429,Tennebø
46430,Troelsen
46431,Belko
46432,Khalaihal
46433,Nishiya
46434,Ayodele
46435,Sauck
46436,Ángulo
46437,Flórez
46438,Halam
46439,Tirelli
46440,Davide Pio
46441,Stabile
46442,Imputato
46443,Adiele
46444,Michée
46445,Ndembi
46446,Ato
46447,Ampah
46448,Nikée
46449,Donga
46450,Al Lazam
46451,Gutmann
46452,Agerholm Olsen
46453,Bori
46454,Grzywińska
46455,Örn
46456,Alvin Obinna
46457,Aldahir
46458,Gnali
46459,Keshim
46460,Al qahtani
46461,Tabisz
46462,Leia
46463,Varley
46464,Sejin
46465,Lee Ye Jun
46466,Yejun
46467,San Bartolomé
46468,Kassary
46469,Gbomadu
46470,Van Parys
46471,Álex Rubio
46472,Ryan Guilherme
46473,da Silva Pae
46474,Agbekpornu
46475,Hikmat
46476,Cabrayilzada
46477,Sachse
46478,del Cura Urra
46479,Unax del Cura
46480,Vojin
46481,Serafimović
46482,Styopa
46483,Mkrtchyan
46484,Grelich
46485,Maziarz
46486,Mlinarić
46487,Geovanni
46488,Osvald
46489,Søe
46490,Estiven
46491,Jago
46492,Leandro Antunes
46493,Ekblom
46494,Rassa
46495,Carly
46496,Wickenheiser
46497,Šuto
46498,Toutou
46499,Geiner
46500,Can Armando
46501,Güner
46502,Callister
46503,Inacio
46504,Cechal
46505,Reggiani
46506,Hencke
46507,Ju Ho
46508,Choi Ju Ho
46509,Jo Min Seo
46510,S.Keller
46511,Gi Min
46512,Kwon Gi Min
46513,GiMin
46514,Heo Jae Won
46515,Park Min Jae
46516,Seung Jae
46517,Yoo Seung Jae
46518,SeungJae
46519,Teodoro
46520,Silva Rosas
46521,Pedro Rosas
46522,Rosas
46523,Kevyn Henrique
46524,Monteiro de Souza
46525,Kevyn
46526,Kennedy Romão
46527,Guilherme Romão
46528,G. Romão
46529,Costa Guedes
46530,Zeega
46531,Fadel Pagés
46532,Ismael Fadel
46533,Viereck
46534,Czapliński
46535,Żabicki
46536,Czeremski
46537,Cayetano
46538,Bolzán
46539,Edudzi
46540,Emefile
46541,Llorella Barrera
46542,Maria Llorella
46543,El Bachir
46544,Al Honaifesh
46545,Moco
46546,Hugo Luis
46547,Ezzejjari
46548,Groenewald
46549,Bourabaa
46550,Crispin
46551,J. Mejia
46552,Tevere
46553,Hrovje
46554,Babec
46555,Streit
46556,Inigo
46557,Martin Quintano
46558,Inigo Martin
46559,Babovic
46560,Kumar Sanyasi
46561,Göttlicher
46562,De Kerf
46563,Kang Ji Wan
46564,Breno Herculano
46565,Kim Jae Hyeon
46566,Kim kang
46567,Hyung Jun
46568,Oh Hyung Jun
46569,Hyo Bin
46570,Lee Hyo Bin
46571,HyoBin
46572,Jun Yeop
46573,Yeo Jun Yeop
46574,JunYeop
46575,Lee Jeong Hyun
46576,Eo Jin
46577,Kim Eo Jin
46578,Ji nam
46579,Choi Ji nam
46580,Somon
46581,Wiafe
46582,Duré
46583,Leivas
46584,Tarán
46585,Schlickmann Carbone
46586,Savvas
46587,Michos
46588,De Wannemacker
46589,Yaell
46590,Douwe
46591,Vernooij
46592,Jesaja
46593,Würth
46594,Magalhães Prado
46595,Batoum
46596,Pijus
46597,Mujica
46598,Abdulrazzaq
46599,Awaji
46600,Denarie
46601,Pirosch
46602,Peverelli
46603,Risso
46604,Kabba
46605,Deepprobhat
46606,Leewan
46607,Castanha
46608,Umer
46609,Muhthar
46610,Luis Otávio
46611,Al Jadaani
46612,Slman
46613,Jur
46614,Yong Hyeok
46615,Kim Yong Hyeok
46616,Yonghyeok
46617,Bae Hyeon
46618,Kong Bae Hyeon
46619,Baehyeon
46620,Jeong Kyu Min
46621,Ha Jong
46622,Oh Ha Jong
46623,Hajong
46624,Yoon Sung
46625,Lee Yoon Sung
46626,Yoonsung
46627,Cardoso Francisco
46628,Mateus Pivô
46629,M. Pivô
46630,Jamaan
46631,Al Bureh
46632,Rudi Daniel
46633,Silva Almeida
46634,Rudi Almeida
46635,Santos Oliveira
46636,L. Fernando
46637,Lalthankima
46638,Juwel Ahmed
46639,Mazumder
46640,Moulaye
46641,Bungson
46642,Rishi
46643,O.Diabate
46644,Guimarães Coimbra
46645,Tiago Coimbra
46646,Pedrozo
46647,Roncal
46648,Bujard
46649,Keiber
46650,Roa
46651,Radeljić
46652,Zlomislić
46653,Marten-Chris
46654,Paalberg
46655,Ruotola
46656,Simoes
46657,Søjberg
46658,Zamblé
46659,Atiya
46660,Waraga
46661,Mamedi
46662,Hamse
46663,Shagaxle
46664,Hoch
46665,Feler
46666,Nonso
46667,Adimabua
46668,Jasinski
46669,Calheira
46670,Vivek
46671,S
46672,Vivek S
46673,Rouven
46674,Tarnutzer
46675,Varelmann
46676,Y. Ochoa
46677,Gültekin
46678,B.Gültekin
46679,Solans Ormo
46680,Sergi Solans
46681,Rizky
46682,Ridho
46683,Ramadhan
46684,Sananta
46685,Binyamin
46686,Yance
46687,Yan Sayuri
46688,Putra
46689,Al Yuhaybi
46690,Dong Hwi
46691,Kang Dong Hwi
46692,DongHwi
46693,Airton Moisés
46694,Santos Sousa
46695,Airton
46696,Nikan
46697,Bamdadnejad
46698,Shahryar
46699,Nikdel
46700,Pourang
46701,Shakaramy
46702,Rastafan
46703,Bozorgmehr
46704,Haijan
46705,Rostamfar
46706,Jahangir
46707,Peerfalak
46708,Peyman
46709,Sorrengar
46710,Arsalan
46711,Anushfar
46712,Puya
46713,Ganjineh
46714,Iliyan
46715,Babar
46716,Navmehran
46717,Mousa
46718,Rayanejad
46719,Nasserpoor
46720,Schayan
46721,Samsam
46722,Mantra
46723,Toranj
46724,Sinapour
46725,Dariush
46726,Bahador
46727,Tiam
46728,Farzanian
46729,Sepehr
46730,Delavar
46731,Gurgen
46732,Shahab
46733,Kianoush
46734,Shadi
46735,Affkari
46736,Yanakov
46737,Jeong Wan
46738,Kim Jeong Wan
46739,JeongWan
46740,Ahn Jun Gyu
46741,JunGyu
46742,Seung Hwan
46743,Baek Seung Hwan
46744,SeungHwan
46745,MinHo
46746,Yeon Woo
46747,Jang Yeon Woo
46748,YeonWoo
46749,Choi Ryun Seong
46750,Park Jae Hun
46751,JaeHun
46752,Leyton
46753,Antañón Vieites
46754,Andrés Antañón
46755,Antañon
46756,Jean-Baptiste
46757,Bosey
46758,Zinebi Talbi
46759,Zinebi
46760,R. Zinebi
46761,Mörth
46762,De Pablo Casado
46763,Álvaro De Pablo
46764,Kambuaya
46765,R.Kambuaya
46766,Vakouftsis
46767,Manuel Ángel
46768,Morán Ibáñez
46769,Asumang
46770,Salter
46771,Ranger
46772,Eustacia
46773,Reangelo
46774,Heimers
46775,Rosamaria
46776,Jameson
46777,Albertus
46778,Rijairo
46779,Lalito
46780,Macks
46781,Apolonia
46782,van Rooi
46783,Cheto
46784,Merencia
46785,Elivelton
46786,Nigellus
46787,Anastatia
46788,Kelmer
46789,Fabricia
46790,de Ridder
46791,Gerandruw
46792,Joenathan
46793,Bernardina
46794,Roystin
46795,Claudemuner
46796,Dieguinho
46797,Jeromar
46798,Josephia
46799,Elimarkus
46800,Jhomier
46801,Joniarty
46802,E. Perez
46803,Lecchini
46804,Deyvid
46805,Urdininea
46806,Wila
46807,Jerly W.
46808,Cayuqueo
46809,Raabe
46810,Wilfrido
46811,Wil Baez
46812,Echeguren
46813,Marotta
46814,Cate
46815,Hardin
46816,Schupp
46817,M. Schupp
46818,H. Lopez
46819,Losenko
46820,Kaka
46821,Scabin
46822,Didulica
46823,Chigozie Owen
46824,Kango
46825,Gonzalez Gonzalez
46826,Yeyo
46827,Aznar Baides
46828,Marc Aznar
46829,Schelfhout
46830,Amadou Bamba
46831,Bamba Dieng
46832,Temilola
46833,Awoyale
46834,Mukhran
46835,Bagrationi
46836,Maycon Douglas
46837,Normanha Cardozo
46838,Maycon Cardozo
46839,Ikem
46840,Ugoh
46841,Esat Yusuf
46842,Narin
46843,Özyar
46844,Ordal
46845,Júlíus Mar
46846,Júlíusson
46847,Hamamioglu
46848,Abril
46849,Reche
46850,Saldivar
46851,Luis Mario
46852,L. Mendoza
46853,J. Falcon
46854,F. Galeano
46855,J.Nunez
46856,Pacher
46857,F. Pacher
46858,Blas Marcelo
46859,M. Medina
46860,Younce
46861,Dalmiro
46862,Chuipa
46863,Hladek
46864,Faúndez
46865,Ogaz
46866,Nicolás Andrés
46867,Neifer
46868,Yimar
46869,Yoimar
46870,Rodrigo Gabriel
46871,R. Rodriguez
46872,F. Paz
46873,Posse
46874,F. Posse
46875,Stefano Mateo
46876,M. Viera
46877,M. Tello
46878,Luca Agustín
46879,L. Ferro
46880,Valdelamar
46881,Edimer
46882,Néider
46883,Hornos
46884,Jahyann
46885,Pandore
46886,Arick Alejandro
46887,Betancourt Pérez
46888,Arick Betancourt
46889,Arick
46890,Portella
46891,Soroa Moure
46892,Iraia Soroa
46893,Vidal-Cartoux
46894,Vidal Cartoux
46895,Mamadou Billo
46896,Billo Diop
46897,Crisbelis M. Flores
46898,Bárbara Flores
46899,Anso
46900,Nsumoh
46901,Bagarić
46902,Apetorgbor
46903,Piedrahíta
46904,Diatara
46905,Luiggi
46906,Alburquerque
46907,Osmani
46908,Lagos Dias
46909,Francisco Dias
46910,Diego Borges
46911,Laia Abdón
46912,Coria
46913,Abdelmouhib
46914,Tempone
46915,Mohamed Amine
46916,Ben Hamida
46917,Yoshan
46918,Valois
46919,Anton Ari
46920,Woodensky
46921,W. Pierre
46922,Samuli
46923,Mahuta
46924,Paananen
46925,Haapanen
46926,Straw
46927,Laye
46928,Adelan
46929,de Oliveira Porto
46930,Eduardo Porto
46931,E. Porto
46932,Nadeo
46933,Argawinata
46934,Momoh
46935,Benarif
46936,K. Benarif
46937,Erynn
46938,Sotto
46939,Granja
46940,Sjöstrand
46941,Cheikh Mbacke
46942,S. Gonzalez
46943,J. Uribe
46944,Kojam
46945,Beyong
46946,Chaparro
46947,M. Chaparro
46948,C. Bobadilla
46949,Maseko
46950,Sebine
46951,Schmalbach
46952,Guggiari
46953,G. Guggiari
46954,Javi Morcillo
46955,Jivayno
46956,Zinhagel
46957,Klinger
46958,Carlos Daniel
46959,C. Caicedo
46960,Andres Patricio
46961,Grossi
46962,Mame Alassane
46963,Dafé
46964,Abdu Dafé
46965,A. Dafé
46966,Pinto Martins
46967,Gil Martins
46968,Kartik
46969,Hantal
46970,Hańćko
46971,Berisson
46972,Leonardsson
46973,Decherf
46974,Áki
46975,Erko
46976,Tougjas
46977,Juan Riquelme
46978,Park Byeong Chan
46979,Orué
46980,Hun Min
46981,Gu
46982,Gu Hun Min
46983,Do Yeon
46984,Kim Do Yeon
46985,DoYeon
46986,Kim Ji Ho
46987,Abdulhakim
46988,Maghfori
46989,Sharrahi
46990,Villavicencio
46991,Movillo
46992,L'Huillier
46993,Mantell
46994,Verkuijl
46995,Juan Felipe
46996,Kloosterboer
46997,Visscher
46998,Touzani
46999,Vadillo Nogués
47000,Iker Vadillo
47001,Vadillo
47002,Fitzharris
47003,Aymean
47004,El Hani
47005,Bara
47006,Sapoko Ndiaye
47007,Bané
47008,Lottici Tessadri
47009,Morante Simón
47010,Alejandro Morante
47011,Colpo
47012,Teixeira Pinto
47013,Luisinho
47014,Farnós Olive
47015,Arnau Farnós
47016,Farnos
47017,Canut
47018,Godelaine
47019,Arnaboldi
47020,Reidy
47021,Jusu Bah
47022,C. Vera
47023,Bidemi
47024,Amole
47025,Milja
47026,Kiviranta
47027,Howat
47028,Rodrigues Barros
47029,Joao Barros
47030,McAneny
47031,Lamare El Kadmiri
47032,Hilan
47033,Hamzaoui Slimani
47034,Nouhoum
47035,Kamissoko
47036,Dony
47037,Tri Pamungkas
47038,Thisgaard
47039,Ata
47040,Yanık
47041,Sitroy
47042,Heikrujam
47043,Sanathoi Singh
47044,Aryaman
47045,Bengani
47046,Thelma Karen
47047,Pálmadóttir
47048,Llorente Cubo
47049,Miguel Cubo
47050,Cubo
47051,Massiren
47052,Aït Zefrane
47053,Amnay
47054,Aït Zekran
47055,Yacel
47056,Amrizi
47057,Younel
47058,Amzighar
47059,Amzouri
47060,Belkourim
47061,Belouhane
47062,Benhouariq
47063,Bensahriq
47064,Bensouhane
47065,Nadil
47066,Boudrissane
47067,Hocem
47068,Boulazem
47069,Bouzeyane
47070,Aferdis
47071,Imzuran
47072,Khelzani
47073,Kherzani
47074,Walem
47075,Mefrane
47076,Imrane
47077,Mezouqri
47078,Melyaz
47079,Mourkane
47080,Fayezel
47081,Oumazrane
47082,Oumrani
47083,Ouzrani
47084,Naïl
47085,Zerhouni
47086,Zerouaniq
47087,Imranech
47088,Belhamzine
47089,Boumezdar
47090,Lluc
47091,Castell Solé
47092,Lluc Castell
47093,Rodrigo Osório
47094,Mordomo Silva
47095,Rodrigo Silva
47096,Rodrigo S.
47097,Fondja
47098,Eren Cemali
47099,Yağmur
47100,Al Ramadi
47101,Al Jazrawi
47102,Bayrani
47103,Qusay
47104,Al Qarawli
47105,Bassel
47106,Al Furatani
47107,Al Babilawi
47108,Al Maysani
47109,Habbani
47110,Al Burjawi
47111,Al Anbaruni
47112,Moslawi
47113,Ubaidi
47114,Al Nahraniq
47115,Dijlawi
47116,Hakam
47117,Diyalawi
47118,Wasiti
47119,Rafidaini
47120,Shattari
47121,Al Habbani
47122,Daraji
47123,Diyan
47124,Nabih
47125,Furatani
47126,Nimri
47127,Al Biblawi
47128,Al Muqaddam
47129,Ibn Fayhan
47130,Al Sarhan
47131,Al Rawabiah
47132,Naseem
47133,Rousani
47134,Al Awazim
47135,Tayibeen
47136,Maarouf
47137,Qais
47138,Bannoura
47139,Munther
47140,Abu Diab
47141,Baramki
47142,Darwaza
47143,Maari
47144,Al Tamriziq
47145,Nuseibeh
47146,Laith
47147,Wakid
47148,Zaghlool
47149,Mohasseb
47150,Odeh
47151,Sakka
47152,Dewidar
47153,Ammer
47154,Al Sharkawi
47155,Marei
47156,Al Shorafa
47157,Al Shuraymiz
47158,Badarini
47159,Awazimi
47160,Mohtasebi
47161,Carvajal García
47162,Kiefersauer
47163,Estefanía Zoé
47164,González Cintrón
47165,Gmeineder
47166,António Gil
47167,Valério Branco
47168,A. Gil
47169,Mounguengue
47170,Diémé
47171,Jungfleisch
47172,Dagdevir
47173,Çobanoğlu
47174,Mandey
47175,Wisbereit
47176,Nahuel Salvo
47177,Salvo
47178,Kroeze
47179,van de Pavert
47180,Kanon
47181,T. Alaa
47182,Mahdy
47183,Soliman
47184,M. Soliman
47185,M. Alaa
47186,Calatayud García
47187,Miguel Calatayud
47188,Calatayud
47189,Lucea
47190,Orejuela de la Rosa
47191,Gonçalves da Silva
47192,Oğuzhan
47193,Ertem
47194,Yiğithan
47195,Çubukcu
47196,Demirhan
47197,Mahmić
47198,Petrovskyi
47199,Yüzgeç
47200,Pinto Lima
47201,Bernardo Lima
47202,de Souza Valença
47203,Isaac Valença
47204,Isaac V.
47205,Julián Andrés
47206,Bazán Medina
47207,Julián Bazán
47208,Bazan
47209,Rueda Colunga
47210,Adri Rueda
47211,Antras Santos
47212,Javi Antras
47213,Coya del Pulgar
47214,Ana Coya
47215,Chumachenko
47216,Galdeano Carrión
47217,Galde
47218,Enes İlyas
47219,Hobrecht
47220,Soufian
47221,Gouram
47222,Semedo Monteiro
47223,Yannick Semedo
47224,Spencer Pires
47225,Kelvin Pires
47226,A. Gómez
47227,Socarrás
47228,Rodhier
47229,Lezama
47230,R. Lezama
47231,J. Garcia
47232,Leonar
47233,Toño Espinoza
47234,Fabio García
47235,Moreno Rodríguez
47236,Al Ghazal
47237,Gabal
47238,Al Youssef
47239,Serrano Salazar
47240,Manu Serrano
47241,Rogowski
47242,Bumuaykel
47243,Gozdecki
47244,Gohlike
47245,Zacharewicz
47246,Mostafa Zico
47247,Kamogelo
47248,Sebelebele
47249,Pablo Arana
47250,Sochůrek
47251,Osán Ascaso
47252,Pablo Osán
47253,Quim
47254,Junyent Casanova
47255,Quim Junyent
47256,Esanov
47257,Bekhruz
47258,Karimov
47259,Avazbek
47260,Ulmasaliev
47261,Jurkas
47262,Pichu Cuéllar
47263,H. Herrera
47264,Albiol Tortajada
47265,Raúl Albiol
47266,Albiol
47267,Ketlun
47268,Nieldo
47269,Lobella
47270,Gamonales
47271,Gamadiel
47272,Contreso
47273,Valter
47274,Sendiero
47275,Thiago Emiliano
47276,Thiago Silva
47277,T. Silva
47278,Fabianski
47279,Radamel Falcao
47280,García Zarate
47281,Falcao
47282,Grohe
47283,Marcelo Grohe
47284,Oscar Trejo Jp
47285,Akins
47286,António Manuel
47287,Fernandes Mendes
47288,Tomané
47289,A. Ayew
47290,de Guzmán
47291,Mata García
47292,Juan Mata
47293,SungYueng
47294,Redmayne
47295,Anders K.
47296,Arnautović
47297,Pratto
47298,Azpilicueta Tanco
47299,Azpilicueta
47300,Kakuta
47301,Borini
47302,Weverton
47303,Nzonzi
47304,M.Phillips
47305,Lembet
47306,N. Oliveira
47307,Mee
47308,Darwin Jr
47309,Falkingham
47310,I.Koné
47311,Gross
47312,Neymar
47313,da Silva Santos Jr.
47314,Neymar Jr
47315,Lobo Silva
47316,Seung Gyu
47317,Kim Seung Gyu
47318,SeungGyu
47319,Jun Yeon
47320,Jeong Jun Yeon
47321,JunYeon
47322,Rafael Cabral
47323,Allan-Roméo
47324,Nyom
47325,Antonio Thomaz
47326,Santos de Barros
47327,Thomaz
47328,Thomas S.
47329,Etheridge
47330,Radlinger
47331,Aitor Fernández
47332,Bardi
47333,Portillo Soler
47334,D. Jimenez
47335,Marco Davide
47336,Faraoni
47337,Ings
47338,Teófilo
47339,Sema V.
47340,Verdi
47341,Ianique
47342,Santos Tavares
47343,Stopira
47344,Pereira Reis
47345,Nuno Reis
47346,de Moraes
47347,Anselmo M.
47348,Seculin
47349,J.Martin
47350,Pajtim
47351,Kasami
47352,Cestor
47353,Schenkeveld
47354,Amat Maas
47355,Jordi Amat
47356,Amat
47357,Nájar
47358,Rashani
47359,Nampalys
47360,Muñiz Gallego
47361,Juan Muñiz
47362,Danilo Luiz
47363,Riemann
47364,Lucas Pérez
47365,Gómez Solà
47366,Sergi Gómez
47367,Çörekçi
47368,Gorgelin
47369,Gómez Campaña
47370,J.G. Campaña
47371,Son Heung Min
47372,M.Bizot
47373,Marsman
47374,A. Davies
47375,Carlos Javier
47376,Delgado Rodríguez
47377,Carlos Delgado
47378,C.Delgado
47379,Tolga
47380,Darida
47381,Žulj
47382,R. Žulj
47383,Sergi Maestre
47384,Cuesta Díaz
47385,Julián Cuesta
47386,Younggwon
47387,Marcos R.
47388,Roberto Lopes
47389,Onel
47390,Rodrigo Ely
47391,R. Ely
47392,Ruffels
47393,Yohandry
47394,Roussillon
47395,S.Darder
47396,Schwolow
47397,Han Been
47398,Yang Han Been
47399,HanBeen
47400,Santana Pinto
47401,Noguera Ripoll
47402,Good
47403,Turton
47404,Assombalonga
47405,Brillante
47406,Halloran
47407,Tonny
47408,Vilhena
47409,Jose Angel
47410,M'Baye
47411,Brabec
47412,Reach
47413,C. Herrera
47414,Ralls
47415,Bouna
47416,I.Martínez
47417,Clerc Martínez
47418,C. Clerc
47419,Piris
47420,Bernat Velasco
47421,Juan Bernat
47422,Jean-Daniel
47423,Akpa Akpro
47424,Lilipaly
47425,van Duinen
47426,Cragno
47427,Denswil
47428,Leo Baptistao
47429,Mvogo
47430,Jefté T.
47431,Toffolo
47432,S. Dursun
47433,Benzia
47434,Dudziak
47435,M. Trigueros
47436,Arrigoni
47437,Helander
47438,Bacca
47439,Al Hafith
47440,A.Fareed
47441,Alvino
47442,Volpi Neto
47443,Neto Volpi
47444,N. Volpi
47445,InSung
47446,Stępiński
47447,Hörður
47448,Vázquez Iglesias
47449,Lucas Vázquez
47450,Lucas V.
47451,Plano Pedreño
47452,Óscar Plano
47453,José Andrés
47454,Rodriguez Gaitán
47455,Vardy
47456,Bahbri
47457,Hatan
47458,Zaied
47459,Westermark
47460,Mollet
47461,Haye
47462,Acolatse
47463,Ripart
47464,Mouez
47465,Hassen
47466,Cunha Capocasali Jr
47467,Janoi
47468,Donacien
47469,Pelupessy
47470,Buatu M.
47471,Brenet
47472,Rabello
47473,Pacheco Flores
47474,Benavente
47475,Mendes Rodrigues
47476,Garry Rodrigues
47477,J. Otto
47478,Machís
47479,D. Machís
47480,Y. AlShahrani
47481,dos Santos J. Melo
47482,Douglas Santos
47483,Douglas S.
47484,Chancel
47485,C.Mbemba
47486,Al Owais
47487,Alowais
47488,Adjei-Boateng
47489,Nana Boateng
47490,Cebula
47491,R. Cardozo
47492,Lockyer
47493,Alsalem
47494,Linetty
47495,Higinio Marín
47496,Chung Woon
47497,Donachie
47498,Alex Muñoz
47499,ChangHoon
47500,C. Vargas
47501,Gagliardini
47502,Pereira Figueiredo
47503,Tobias Figueiredo
47504,Ivan Ricardo
47505,Cavaleiro
47506,Ivan Cavaleiro
47507,Angielski
47508,Masuaku
47509,Geria
47510,Hakeeb
47511,Adelakun
47512,Joo Won
47513,Kim Joo Won
47514,JooWon
47515,Clough
47516,JiSoo
47517,Cháves
47518,JinSu
47519,Laxalt
47520,A. Puertas
47521,Ronwen
47522,Lekhal
47523,Johan Mojica
47524,Bayron G.
47525,Jefersson
47526,S. Mosquera
47527,Yimmi
47528,Y. Chara
47529,D.Mosquera
47530,G. Celis
47531,J. Nieto
47532,MLJ. Silva
47533,Danovis
47534,Lichnovsky
47535,Chaux
47536,P. Díaz
47537,S. Perez
47538,Martin Hoel
47539,Hoel
47540,Héctor José
47541,Hernández Marrero
47542,B. Cortés
47543,Turro
47544,R. Saravia
47545,Callejo
47546,Facu Callejo
47547,Deyverson
47548,Brum Silva Acosta
47549,Samir Caetano
47550,de Souza Santos
47551,Willie
47552,Hortencio Barbosa
47553,Jahanbakhsh
47554,Fjellstad Näsberg
47555,Klok
47556,Tisserand
47557,M. Tisserand
47558,Watmore
47559,Joni
47560,Kauko
47561,Jean Michaël
47562,Mendes Paciência
47563,Gonçalo Paciência
47564,Paciência
47565,Shephard
47566,Tshibola
47567,Cristian Ioan
47568,Ponde
47569,Cristian Ponde
47570,Rúben Afonso
47571,Borges Semedo
47572,Rúben Semedo
47573,R. Semedo
47574,Roderick
47575,Baroja
47576,Josimar José
47577,Évora Dias
47578,Vózinha
47579,Triverio
47580,A. Seck
47581,Vegetti
47582,Bongonda
47583,Samatta
47584,G. Gómez
47585,Chatchai
47586,Bootprom
47587,Rambal
47588,Ely Ernesto
47589,Lopes Fernandes
47590,Ely Fernandes
47591,A. Silva
47592,D. Cuero
47593,Helibelton
47594,H. Palacios
47595,Marcos Felipe
47596,de Freitas Monteiro
47597,Mirnes
47598,Pepić
47599,Mafla
47600,Mancinelli
47601,Yony
47602,Yony G.
47603,Minelli
47604,H.Traoré
47605,Vebjørn
47606,Hoff
47607,Oli
47608,McBurnie
47609,Baiano
47610,Cristaldo
47611,Churry
47612,Enner
47613,E. Valencia
47614,Jamshid
47615,Iskanderov
47616,Sergeev
47617,Aarón Escandell
47618,G. Campi
47619,Mohammed Ali
47620,Bemammer
47621,Borra
47622,Vada
47623,Brownhill
47624,A. Castro
47625,Malsa
47626,Raya Martín
47627,Hólmbert Aron
47628,Friðjónsson
47629,Carlos Fdez
47630,Juan Quintero
47631,Marmolejo
47632,Jaïro
47633,Riedewald
47634,Onguéné
47635,Calvert-Lewin
47636,Matías Nahuel
47637,Leiva Esquivel
47638,Díaz Mejía
47639,Vadalá
47640,Edilson Alberto
47641,Sanches Borges
47642,Diney
47643,Sobottka
47644,Gwang Hyeok
47645,Lee Gwang Hyeok
47646,GwangHyeok
47647,Tajti
47648,B. Ould-Chikh
47649,HyeonMu
47650,Di Plácido
47651,Casali
47652,MyungJae
47653,Ham
47654,Zizo
47655,Fydriszewski
47656,F. Fydriszewski
47657,Kyriakos
47658,Savvidis
47659,Léo Pereira
47660,Nouble
47661,Rotariu
47662,Taşdemir
47663,El Kajoui
47664,Al Somah
47665,Somah
47666,Alamri
47667,Paçarada
47668,S. Rochet
47669,Dorukhan
47670,Toköz
47671,Eguaras Álvarez
47672,Eguaras
47673,M. Torres
47674,Amrinder
47675,Colitto
47676,Bernardoni
47677,Rzuchowski
47678,Tenés
47679,M.Lopez
47680,J. M.Tevez
47681,K. Hafez
47682,Luckassen
47683,Tennai
47684,Ramírez Fernández
47685,Dani Ramírez
47686,Santos Martins
47687,Fábio Martins
47688,Pedro Nuno
47689,Fernandes Ferreira
47690,Čaušić
47691,Antalyalı
47692,A. AlKhaibary
47693,Pisseri
47694,Acampora
47695,Lenogue
47696,Narey
47697,Kuscevic
47698,E. Bailly
47699,Colman
47700,Alammar
47701,Giorgian
47702,De Arrascaeta
47703,G. De Arrascaeta
47704,Pușcaș
47705,Puşcaş
47706,G.Rodriguez
47707,Ramil
47708,Sheydaev
47709,Sheidaev
47710,Lecoeuche
47711,Babajide David
47712,M. Trezeguet
47713,Braulio
47714,Uraezaña
47715,Buendia
47716,Boutobba
47717,Lampson
47718,Fornals
47719,Namli
47720,Amoroso
47721,Baldomero
47722,Cosgrove
47723,Kaiyne
47724,Woolery
47725,Bruun Larsen
47726,D. Moreno
47727,Buș
47728,Jin Gyu
47729,Kim Jin Gyu
47730,JinGyu
47731,S. Ichazo
47732,K.Muqiteb
47733,Seunghyun
47734,Manjrekar
47735,Kris
47736,Twardek
47737,Álvarez López
47738,Gyu Seong
47739,Lee Gyu Seong
47740,Gyuseong
47741,El Shenawy
47742,M. Elshenawy
47743,Balbuena
47744,C. Gonzales
47745,A. Pedraza
47746,Oliván Herrero
47747,Brian Oliván
47748,B. Oliván
47749,Edmilson Jr.
47750,Caddy
47751,Juan Perez
47752,Rinomhota
47753,Chimy Ávila
47754,Raimundo
47755,Rebolledo
47756,Boto.K
47757,Buñuel Redrado
47758,Aitor Buñuel
47759,T.Roberts
47760,M.Vargas
47761,Calabria
47762,André da Silva
47763,K.N Doram
47764,A.Kante
47765,Teunckens
47766,Görkem
47767,Sağlam
47768,Görkem Sağlam
47769,J.Palhinha
47770,Silva Braga
47771,Victor Braga
47772,V. Braga
47773,Sprangler
47774,Degenek
47775,SeonMin
47776,Ever
47777,Munksgaard
47778,Ehmann
47779,Robinet
47780,T. Davies
47781,Aït Bennasser
47782,Ait Bennasser
47783,Faitout
47784,Maouassa
47785,L.Nmecha
47786,Emelvin William
47787,Anjos Rochedo
47788,Emelvinson
47789,Adriano Well.
47790,Bastos Oliveira
47791,Adrizinho Bastos
47792,Botelho Maia
47793,Botelhinonsa
47794,Alexandre Jonas
47795,Walexinton
47796,Vanderlei Tiago
47797,Cõembra Laforte
47798,Vanderlei Cõembra
47799,Osvaldo Murilo
47800,Lodeiro Ferreira
47801,Osvaldo Lodeiro
47802,Charles Dênis
47803,de Breito Catarino
47804,Charles de Breito
47805,Melvin Luan
47806,Parrela Porfírio
47807,Melvin Parrela
47808,Alan Jonathan
47809,Patrício Botelho
47810,Alson Botelho
47811,Adryan Juliano
47812,Zonta Torres
47813,Adryan Zonta
47814,Renan Lorenzo
47815,Tojeiras Sampaio
47816,Renan Tojeiras
47817,Heltinho
47818,Melo Chaves
47819,Heltinho Melo
47820,Sebastião Erick
47821,Couteira Baía
47822,Tião Couteira
47823,Tião
47824,Aldair Rochela
47825,Dani Rochelinhas
47826,Mauro Guilherme
47827,Ribeiro Rangel
47828,Mauro Riboas
47829,Thiago Claudnei
47830,Almeida Reis
47831,Thiago Alminxa
47832,Louri Adriano
47833,Bisesi Barbosa
47834,Adriano Bisesi
47835,Cristian Also
47836,Laranjeiro Sá
47837,Cris Laranjeiros
47838,Miguel Kaíque
47839,Acuna Mutto
47840,Kaíque Mutto
47841,Jorge Pietro
47842,Teixeira Lima
47843,Teixe Gaúcho
47844,Leandro Fabiano
47845,Pestanha Días
47846,Leandro Pestanha
47847,Damasto Orsi
47848,Jonas Damasto
47849,Jeff Nazario
47850,Meire Costinho
47851,Jeffmeirson
47852,Jesus Fabrício
47853,Andrade Simões
47854,Jesus Andradaldo
47855,Rubens Jairo
47856,Freitosa Costa
47857,Rubens Freitosa
47858,Tramontino Sá
47859,Tramontinaldo
47860,Hediselton
47861,Simão Resende
47862,Teobaldo
47863,Espinho Sobri
47864,Teobaldo Espinho
47865,Durval Murilo
47866,Dutría Pereira
47867,Durval Dutría
47868,Chiamulera Vaz
47869,Josué Chiamulera
47870,Bruno Luiz
47871,Fagundeiro Cardenas
47872,Bruno Fagundeiro
47873,Emidio Dener
47874,Hoffman Vaz
47875,Emidio Hoffman
47876,Oliveira Simão
47877,Édundo Oliveira
47878,Weilson Emílio
47879,Montanhesi Cintra
47880,Weilson Montanhesi
47881,Duirval Hélton
47882,Diniz Cabral
47883,Duirval Diniz
47884,Breno Ronaldo
47885,Duarte Catarino
47886,Brenão Duarte
47887,Luis David
47888,Couprins Acuna
47889,Luis Couprins
47890,Eduardo Estevão
47891,Neto Heck
47892,Edardynho Neto
47893,Rodolfo Dilson
47894,Pitta Fonseca
47895,Rodolfo Pittaça
47896,Jackson João
47897,Crusso Mutto
47898,Jackson Crusso
47899,Gabriel Jairo
47900,Aníbal Rangel
47901,Jairzinho Aníbal
47902,Thiago Marcos
47903,Rolim Nascimento
47904,Thio Rolim
47905,Regalo Sousa
47906,Melvin Regalito
47907,Wilson Allan
47908,Rosan Dourado
47909,Wilsson Rosito
47910,Jessé Martin
47911,Ledeiro Serra
47912,Jessé Ledeiro
47913,Sandro Nelson
47914,Maceira Nascimento
47915,Sandro Maceira
47916,Erick Ronaldo
47917,Gameira Carvalho
47918,Roni Gameira
47919,Adão Dênis
47920,Salvador Vidigal
47921,Adão Salvadaldo
47922,Vicemte Ernesto
47923,Tófoli Laranjeiras
47924,Vicemte Tófoli
47925,Leandro Freddy
47926,Vivenço Morais
47927,Leandro Vivenço
47928,Rafael Jorgino
47929,Cachoira Rebelo
47930,Rafael Cachoira
47931,Benjamin Chris
47932,Meseira Zonta
47933,Benjamin Meseira
47934,Saberto Josué
47935,Botelho Rios
47936,Saberto Botelho
47937,Grandi
47938,G.Jesus
47939,Charles-Cook
47940,Fafà
47941,Črnigoj
47942,Macagno
47943,Gélin
47944,Gelin
47945,T. Rodríguez
47946,Lokilo
47947,E. Saavedra
47948,Jalil
47949,Lukebakio
47950,Diangana
47951,Diang
47952,Kleinheisler
47953,J. Contreras
47954,Cermeño
47955,C. Cermeño
47956,Ruon
47957,Tongyik
47958,Karamoh
47959,L. Castro
47960,Montiel Caballero
47961,Joni Montiel
47962,Geon Woong
47963,Kim Geon Woong
47964,GeonWoong
47965,Rowllin
47966,R.Williams
47967,J. Rios
47968,Jović
47969,Carlos Ponck
47970,Ponck
47971,Fortuné
47972,Sarpreet
47973,Takehiro
47974,Tomiyasu
47975,Takeshi
47976,Kanamori
47977,HanDo
47978,Troyansky
47979,Dougall
47980,Jóźwiak
47981,Joon Ho
47982,Hong Joon Ho
47983,JoonHo
47984,Felipe dos Reis
47985,Vizeu do Carmo
47986,Felipe Vizeu
47987,Elhan
47988,Kastrati
47989,Blás
47990,Karabelyov
47991,Jeong Hwan
47992,Kim Jeong Hwan
47993,JeongHwan
47994,Yakou
47995,Méïté
47996,Okita
47997,Okita Jr
47998,HyeongJin
47999,Lucoqui
48000,Szysz
48001,L.Paquetá
48002,Vágner Joshua
48003,Corraldo Santoso
48004,Vágner Corraldo
48005,Peter Jose
48006,Torreiro Costa
48007,Peter Torreiro
48008,C.Soler
48009,Hohberg
48010,A. Hohberg
48011,YoungWook
48012,Park DaeHoon
48013,J. Ikoné
48014,John Victor
48015,Maciel Furtado
48016,J.L. Rodríguez
48017,Sung Yun
48018,Gu Sung Yun
48019,SungYun
48020,Sánchez Ponce
48021,Salvi Sánchez
48022,Guilherme A.
48023,T.Martínez
48024,Duman
48025,Coucke
48026,Jean Paulo
48027,Fernandes Filho
48028,Jean Fernandes
48029,Varga Á.
48030,Luis Jesús
48031,Pérez Maqueda
48032,Luis Pérez
48033,L.Pérez
48034,C. Acevedo
48035,V. Gheorghe
48036,Deroy
48037,D'Encarnação Duarte
48038,Deroy Duarte
48039,En.Nesyri
48040,Samassékou
48041,Young Jae
48042,Seo Young Jae
48043,YoungJae
48044,Fané
48045,Marešić
48046,Kvilitaia
48047,M.saadane
48048,Agyiri
48049,E. Agyiri
48050,Magnus Retsius
48051,Grødem
48052,Marlion Rômulo
48053,Marlion Rolim
48054,Enzio Leandro
48055,Julião Morrinhos
48056,Enzio Julião
48057,Claudio Ever
48058,Silbeiro Martins
48059,Claudio Silbeiro
48060,Dillson Robson
48061,Teixeiro Loto
48062,Dillson Teixeiro
48063,Brašanac
48064,Ejaria
48065,Mileusnić
48066,Maggiore
48067,Germanpreet
48068,Diéguez Grande
48069,Adrián Diéguez
48070,Diéguez
48071,Álvaro Ferllo
48072,Á. Ferllo
48073,Hadžikadunić
48074,Ishan
48075,Pandita
48076,Chorbadzhiyski
48077,Ballo-Touré
48078,B.Touré
48079,Dorrio Ortega
48080,Dorrio
48081,Dorrio O.
48082,Fousseni
48083,F.Diabate
48084,Sarrafiore
48085,Haren
48086,Cucho Hernández
48087,C. Hernández
48088,Won Jae
48089,Park Won Jae
48090,Wonjae
48091,SeungMo
48092,M.Rojas
48093,J.Davies
48094,Yordan
48095,Togni
48096,Jefre
48097,J. Vargas
48098,Pașcanu
48099,Al Joui
48100,Taty
48101,Baldres Hermann
48102,Jonggyu
48103,Y. Guzmán
48104,Esneyder
48105,Nahuel B.
48106,Di Nardo
48107,Azevedo da Silva
48108,SangMin
48109,Jinhyun
48110,R.Becão
48111,Broll
48112,Sicker
48113,Conrado
48114,Buchanelli Holz
48115,Ullmann
48116,Maxi. G
48117,Magloire
48118,Berke Özer
48119,Narubadin
48120,Weerawatnodom
48121,Andreaw
48122,Gravillon
48123,Imbrechts
48124,T. Morente
48125,N. Tangen
48126,Biankadi
48127,Bandé
48128,E. Zhegrova
48129,C. Ekuban
48130,YunOh
48131,Giakoumakis
48132,Renan dos Santos
48133,Pablo Santos
48134,K.Kouao
48135,Rasak
48136,Jader
48137,Nikolai Baden
48138,Baden
48139,Ricardo Luís
48140,Chaby Mangas
48141,Ricardo Mangas
48142,R.C. Mangas
48143,Anziani
48144,Myeong Seok
48145,Ko Myeong Seok
48146,Fidel
48147,F. Escobar
48148,Merghem
48149,Serafin
48150,Szota
48151,F. Calero
48152,Moutoussamy
48153,Robledo
48154,A. Maciel
48155,Miguel de la Fuente
48156,Asmri
48157,Bwomono
48158,Najjarine
48159,Torgnascioli
48160,N. De la Cruz
48161,Lavín Rodríguez
48162,Marcos Lavín
48163,Amarilla
48164,Luis A.
48165,Dulca
48166,M.Saracchi
48167,Neyder
48168,Juan Diaz
48169,Jamilu
48170,D. Barri
48171,Manzaneda
48172,Risso Patrón
48173,Risso Patron
48174,Intriago
48175,J. Intriago
48176,Kimpioka
48177,Raba
48178,Raúl Sánchez
48179,P. Nolaskoain
48180,Jaakko
48181,Oksanen
48182,Bárcenas
48183,Brandáriz Movilla
48184,Chumi
48185,Buades
48186,M.Bayo
48187,Aguirregabiria
48188,Carnat
48189,Lambrix
48190,Delbridge
48191,Eulânio Ângelo
48192,Chipela Gomes
48193,Nanu
48194,Frasica
48195,HyunWoo
48196,A.Alhamddan
48197,Edwar
48198,Lodico
48199,Theerathon
48200,Bunmathan
48201,Puigmal
48202,Willy Johnson
48203,Semedo Afonso
48204,Willy Semedo
48205,Solan
48206,Rmz
48207,John-Jules
48208,Lawley
48209,Carro Nolasco
48210,Marta Carro
48211,M.Carro
48212,Jaeik
48213,Arvin
48214,Modiba
48215,Teboho
48216,Dostonbek
48217,Khamdamov
48218,A. Angulo
48219,S.Guzmán
48220,DongJun
48221,J. García
48222,Alrashidi
48223,Hayen
48224,Elves Umar
48225,Elves Baldé
48226,E. Baldé
48227,Freriks
48228,Vadulli
48229,Fornos
48230,GyeongMin
48231,Chang Jun
48232,Park Chang Jun
48233,ChangJun
48234,Munder
48235,Adalberto
48236,Carrasquilla
48237,Vieites
48238,J. David
48239,Streli
48240,Mamba
48241,Ye Sung
48242,Kim Ye Sung
48243,YeSung
48244,Abregú
48245,Iñíguez
48246,SooIl
48247,Efkan
48248,Bekiroğlu
48249,Efkan B.
48250,Żukowski
48251,Belkahia
48252,Djitté
48253,Kolgeci
48254,Hong Hyun Seok
48255,B.Mendy
48256,Odimayo
48257,Lima Linhares
48258,Luquinhas
48259,Šunjić
48260,Fein
48261,Ribeiro Costa
48262,Lucas Ribeiro
48263,Vitalii
48264,Buialskii
48265,João Sabino
48266,Mendes Neto Saraiva
48267,Krzepisz
48268,Gasparini
48269,M. Cipriano
48270,P. Lima
48271,Javi Herz
48272,Quindt
48273,Köstenbauer
48274,Paločević
48275,Palocevic
48276,Omeragic
48277,Osako
48278,Abdul-Halik
48279,Hudu
48280,Tunkar
48281,Bumberger
48282,Collao
48283,SiYoung
48284,Guiffrey
48285,Pascual Castillo
48286,Martín Pascual
48287,M. Loum
48288,Dong Gyeong
48289,Lee Dong Gyeong
48290,Donggyeong
48291,A. Moreno
48292,Pane
48293,Yun Koo
48294,Kang Yun Koo
48295,YunKoo
48296,Fabricio D.
48297,Franco Tavares
48298,Tomás Tavares
48299,Reguilón Rodríguez
48300,Reguilón
48301,J. Escobar
48302,Jesús David
48303,Gaich
48304,Xian
48305,Emmers
48306,M.Fouad
48307,E. Espiau
48308,S. Gassama
48309,Venturi
48310,I. Baba
48311,Charlis
48312,Ch. Ortiz
48313,Dragus
48314,Willer
48315,Ditta
48316,A.AlShammari
48317,Vermot
48318,J.C.
48319,Mollejo Carpintero
48320,Mollejo
48321,Adebayo-Smith
48322,Aliseda
48323,M. Doué
48324,Sosa Martín
48325,Ángela Sosa
48326,Martín Sosa
48327,E. Le Fée
48328,Dajaku
48329,K.Cabral
48330,Fidalgo Fernández
48331,Fidalgo
48332,Rasheedat
48333,Ajibade
48334,Anam
48335,Imo
48336,Novillo
48337,Bruno Lourenço
48338,Pinto Almeida Paz
48339,Bruno Paz
48340,Bareiro
48341,A. Uribe
48342,Bergmark Wiberg
48343,Vallejo Avilés
48344,Hugo Vallejo
48345,A.Kader
48346,Serna
48347,Neva Tey
48348,Carlos Neva
48349,C. Neva
48350,Sumavil
48351,J.Ramsey
48352,SeongHoon
48353,Campuzano Bonilla
48354,Arjen
48355,van der Heide
48356,Ihattaren
48357,Busanda
48358,Pacha Espino
48359,Miyashiro
48360,N. Hernandez
48361,J. Brumado
48362,Cade
48363,Adamski
48364,Loeper
48365,X. Sintes
48366,Gaston Avila
48367,Rustamzhon
48368,Ashurmatov
48369,B.Kotchap
48370,Yílmar
48371,J. Araujo
48372,Heekyun
48373,Tordai
48374,Alexi
48375,Pitu
48376,Raynier
48377,MinKyu
48378,Hitesh
48379,Galani
48380,Zavala
48381,Ferrario
48382,Saviour
48383,Gama
48384,Kamaljit
48385,Panwar
48386,Mawihmingthanga
48387,Lalthathanga
48388,Khawlhring
48389,Monshi
48390,Torbjørn
48391,Llinás
48392,A. Llinas
48393,Dynel
48394,Simeu
48395,Chergui
48396,Mbe Soh
48397,Ippolito
48398,Straudi
48399,Leaños
48400,H. Quintana
48401,F. Cardozo
48402,M. Diarra
48403,Graterol
48404,Tresaco
48405,Laros Michael
48406,Laros Duarte
48407,Stipica
48408,J. Álvarez
48409,Ahumada
48410,Vâlceanu
48411,Al Eissa
48412,Hussain.A
48413,Caín
48414,Cordea
48415,Alexandersson
48416,Philippe Paulin
48417,Kény
48418,de Sousa Santos
48419,Eduardo Kau
48420,Papeau
48421,Alberto Langa
48422,Bruno Langa
48423,Mujanic
48424,Alsafiri
48425,Debeljuh
48426,J.Timber
48427,A.Francis
48428,Lô
48429,Abou Lo
48430,Marrufo
48431,Zohoré
48432,Zohore
48433,Cuppone
48434,Pandolfi
48435,Daniliuc
48436,T. Esteves
48437,Da Luz
48438,M. Da Luz
48439,J. Ramírez
48440,Tae Hyeon
48441,Kim Tae Hyeon
48442,Taehyeon
48443,Akujobi
48444,Min Ki
48445,Jeong Min Ki
48446,MinKi
48447,TaeHun
48448,SeongUng
48449,Jubril
48450,Okedina
48451,J.Ferreira
48452,Bakhat
48453,S.Lozano
48454,MinSeo
48455,JongBeom
48456,K. Perez
48457,Hinojoza
48458,R. Hinojoza
48459,DugKeun
48460,Mjed
48461,JiHoon
48462,Jae Hwan
48463,Hwang Jae Hwan
48464,JaeHwan
48465,J. Hernandez
48466,Arace
48467,Jean-Lambert
48468,Evan's
48469,B. Rodríguez
48470,Kaique R.
48471,J. Encada
48472,H.K.Kwon
48473,Al Qhtani
48474,Dasa
48475,Bogarín
48476,Javi Baez
48477,Fernández Cedrés
48478,Lentinelly
48479,S. Lentinelly
48480,S. Cáceres
48481,J. Trindade
48482,R. Abascal
48483,A. Canobbio
48484,Busquets
48485,E. Busquets
48486,Corujo
48487,Viña
48488,M. Viña
48489,C. Arboleda
48490,A. Lopez
48491,J. Chala
48492,G. Cortez
48493,Tomás Aresta
48494,Machado Ribeiro
48495,Tomás Ribeiro
48496,Jermein
48497,Raphaël Éric
48498,Messi Bouli
48499,Raphaël Messi Bouli
48500,Messi. B
48501,Praveen
48502,Osio
48503,D. Osio
48504,Richet
48505,Hermoza
48506,Colo Ramirez
48507,Princeton
48508,Kingslee
48509,Talles Magno
48510,Bacelar Martins
48511,G. Barreto
48512,J. Quintero
48513,Gularte
48514,E. Gularte
48515,Larotonda
48516,C. Larotonda
48517,D. Noboa
48518,R. Flores
48519,Giancarlo
48520,Schiavone
48521,G. Schiavone
48522,W. Aguerre
48523,Zevallos
48524,J. Zevallos
48525,Fereira
48526,Luna Diale
48527,J. Alcivar
48528,L. Ayala
48529,Menacho
48530,Djorkaeff
48531,Reasco
48532,D. Reasco
48533,C. Marin
48534,Chaverra
48535,F. Chaverra
48536,Gamarra
48537,J. Espinoza
48538,Zoubdi Touaizi
48539,Nabil Touaizi
48540,Nabil Tz.
48541,M. Hany
48542,Hamdy
48543,Fathy
48544,H. Fathy
48545,Căpușă
48546,Aucca
48547,A. Mercado
48548,Tukita
48549,Enoumba
48550,Cachito
48551,Parrales
48552,M. Parrales
48553,Pape Meïssa
48554,Piquerez
48555,J. Piquerez
48556,Arezo
48557,M. Arezo
48558,Paiva
48559,C. Nuñez
48560,K. Urbański
48561,Seiji
48562,Kurokawa
48563,Spenhay
48564,Isidro
48565,Pitta
48566,I. Pitta
48567,Young Woo
48568,Seol Young Woo
48569,Youngwoo
48570,Gazzolo
48571,T. Moffi
48572,Hyuntaek
48573,Tijanic
48574,A.Martinez
48575,Simen Vidtun
48576,Vidtun Nilsen
48577,N.Simon
48578,Anis Ben
48579,JooHyun
48580,Joelson Augusto
48581,Mendes Mango
48582,Joelson Fernandes
48583,Joelson F.
48584,O.Clemente
48585,J. Perlaza
48586,Javi M.
48587,InKyun
48588,E. Martínez
48589,Facchineri
48590,Barticciotto
48591,GeonHee
48592,HanMin
48593,Chaouat
48594,A. Meléndez
48595,Yackson
48596,Y. Rivas
48597,de Oliveira Barbosa
48598,Diogo Oliveira
48599,Sánchez Sendra
48600,J. Quintana
48601,Borbas
48602,T. Borbas
48603,J.Pacheco
48604,Yeiber
48605,Y. Murillo
48606,Goh Young Jun
48607,Scarpeta
48608,Sjøkvist
48609,Soza
48610,R. Caceres
48611,J. Montaño
48612,Casimiro
48613,F. Torres
48614,Auli
48615,Sanseviero
48616,Oswaldo
48617,Schepp
48618,Bissoli Campos
48619,Guilherme Bissoli
48620,Bissoli
48621,A.Smith
48622,Si Hoo
48623,Hong Si Hoo
48624,SiHoo
48625,Puertas Castro
48626,D.Thiam
48627,Dahlqvist
48628,Ángel Baena
48629,Moirangthem
48630,Thoiba Singh
48631,Thoiba
48632,Vanlalruatfela
48633,Isak Ralte
48634,Ruiz Suárez
48635,Jesús Ruiz
48636,Holmé
48637,Hannola
48638,Kadile
48639,Čumić
48640,Barrandeguy
48641,Fabiano Josué
48642,de Souza Silva
48643,Fabiano Souza
48644,Fatar
48645,Caliskaner
48646,Servais
48647,Taranis
48648,Ekitike
48649,Aïmen
48650,de Vega Lima
48651,Lucas de Vega
48652,Benchamma
48653,N'Landu
48654,Rubén D.
48655,Bernadou
48656,Mário Ricardo
48657,Silva Velho
48658,Ricardo Velho
48659,R. Velho
48660,Colakovski
48661,Serbanica
48662,E. Lira
48663,Dalle Mura
48664,Kurucuk
48665,G. Rivero
48666,Tsoungui
48667,Oston
48668,Urunov
48669,Jr.Adamu
48670,Gülstorff
48671,Weverson
48672,Moreira da Costa
48673,Rekik
48674,De Amores
48675,Viacava
48676,A.Musaba
48677,Diego Duarte
48678,Cavero
48679,Holec
48680,Sforza
48681,Kewin
48682,Kewin Silva
48683,Pais
48684,Vrakas
48685,Barcelos da Silva
48686,Matheus Babi
48687,S. Nuñez
48688,Ferreira dos Santos
48689,Eduardo Mancha
48690,Mancha
48691,V. Meseguer
48692,C. Trujillo
48693,Kullashi
48694,J. Monteiro
48695,Lovato
48696,A. Fortuño
48697,Doums
48698,Al Hawsawi
48699,Victor Chust
48700,S. Smith
48701,N.Jackson
48702,Batna
48703,K.Sène
48704,N. Rossi
48705,Cañizares Conchello
48706,Cañizares
48707,Awad Nashri
48708,Shammari
48709,Aedo
48710,J. Vera
48711,F. Gonzalez
48712,Ewil
48713,Ballesteros
48714,Muheet
48715,Shabir
48716,Abisab
48717,Marchán
48718,Jeyson
48719,Chura
48720,F. Pérez
48721,Fardin Ali
48722,Md.Fardin
48723,Cancar
48724,Franchesco
48725,A. Pierre
48726,O. Toledo
48727,Jersson
48728,JunSoo
48729,Gabriel Veron
48730,Fonseca de Souza
48731,Yohán
48732,Cumaná
48733,Y. Cumana
48734,Jovanny
48735,J. Bolivar
48736,Kendrys
48737,K. Silva
48738,M. Silveira
48739,Rommell
48740,L. Cano
48741,J. Jiménez
48742,K. Becerra
48743,Fiermarin
48744,Pizzichillo
48745,A. Vidal
48746,Coccaro
48747,M. Gamarra
48748,Perdomo
48749,J. Perdomo
48750,A. Millan
48751,Bahachille
48752,Cáceres Rodríguez
48753,Lujan
48754,D.Guindo
48755,Lucas Alexandre
48756,Galdino de Azevedo
48757,Lucão
48758,SangHyuk
48759,Z. Romero
48760,Issah
48761,Jonnathan
48762,J. Mina
48763,Jorge Daniel
48764,Jeong Sang Bin
48765,KangHyeon
48766,Sung Su
48767,Park Sung Su
48768,SungSu
48769,Kang Joon
48770,Heo Kang Joon
48771,KangJoon
48772,A. Cruz
48773,Porozo
48774,Sulte
48775,Tongya
48776,Hayakawa
48777,Lachuer
48778,David Datro
48779,JinSeong
48780,Han-Beom
48781,Taeseok Lee
48782,JeongWon
48783,SangEun
48784,ByungKwan
48785,Lee Junseo
48786,HoJae
48787,JaeJun
48788,Gi Hyuk
48789,Lee Gi Hyuk
48790,GiHyuk
48791,Pavlic
48792,Nile
48793,Awe
48794,Ferrero
48795,D.J.
48796,Redzic
48797,Al Ammari
48798,Birma
48799,Diago
48800,D. Gimenez
48801,Pierangelo
48802,Pagnano
48803,Sulbarán
48804,D.Essugo
48805,H. Sandoval
48806,Wilfredo
48807,Omar El Hilali
48808,Severina
48809,B.Traore
48810,Emam
48811,Ashour
48812,E. Ashour
48813,K.Nagera
48814,Enric Llansana
48815,M. Gutiérrez
48816,C.Gonzalez
48817,Pattynama
48818,H.Keita
48819,Blendi
48820,Idrizi
48821,Moonga
48822,Simba
48823,Braut Brunes
48824,S. Cardona
48825,Loreintz
48826,D. Figueira
48827,Rubén S.
48828,Lewald
48829,Nejašmić
48830,S. Jurić
48831,S. Biuk
48832,Jaloliddin
48833,Masharipov
48834,Evidence
48835,Makgopa
48836,Makarov
48837,M. Bouldini
48838,Peder Hoel
48839,Lervik
48840,Sousa Albino
48841,David Sousa
48842,Akaydin
48843,AlKunaydiri
48844,Sambu
48845,Marsoni
48846,Carreño
48847,Guajardo
48848,Onyango
48849,Ziyad.M
48850,Godfried
48851,Mamadou Mbacke
48852,Łęgowski
48853,Kim Hyeon Woo
48854,HyeonWoo
48855,Tomeo Félez
48856,Pablo Tomeo
48857,Tomeo
48858,Camil
48859,Démouchy
48860,T. Çukur
48861,Naya
48862,Sasalak
48863,Haiprakhon
48864,Mateos
48865,Capellini
48866,F. Conceição
48867,Rodrigo Conceição
48868,R. Conceição
48869,Benchimol Tavares
48870,Benchimol
48871,Roberto Fernández
48872,Obed Vargas
48873,Pinheiro Monteiro
48874,Diogo Monteiro
48875,Bobsin Pereira
48876,J.Woods
48877,Alsanbi
48878,Sjøeng
48879,Jonathan Dubasin
48880,Sâyoud
48881,Sayoud
48882,Al Mhoass
48883,AlMahwous
48884,Nmai
48885,Lucas Gabriel
48886,Monzón Lemos
48887,Lucas Monzón
48888,Omorinsola
48889,Antef
48890,Vidal Girona
48891,Marc Vidal
48892,Moreno San Vidal
48893,Jorge More
48894,Providence
48895,Muniz
48896,S.Rahimi
48897,Drissa
48898,Maccari
48899,Setford
48900,Ez Abde
48901,Vergani
48902,Ringo
48903,Meerveld
48904,Maatouq
48905,Miguel Angel
48906,M. Villarroel
48907,M. Álvarez
48908,Laquintana
48909,I. Laquitana
48910,N'Dri Philippe
48911,Pond
48912,Uzeda
48913,Silveira dos Santos
48914,Strelec
48915,Rosa da Silva
48916,L. Henrique
48917,L. Williams
48918,Juan Jesús
48919,Siemsen
48920,Cristhian Mosquera
48921,Picaud-Inconnu
48922,Laurina
48923,Fazer
48924,Tchakounte
48925,Plattner
48926,Simarra
48927,Laidani
48928,Ayane
48929,Perleche
48930,Ciccioli
48931,Burak Ince
48932,P. Rodriguez
48933,A. Oyón
48934,F. Fagundez
48935,I. Akhomach
48936,Estacio
48937,J. Estacio
48938,Manveer
48939,Alex Sala
48940,Flaga Olesen
48941,Ferran Jutglà
48942,Mohor
48943,Magou
48944,Fleury L.
48945,Célya
48946,Barclais
48947,Cosette
48948,Morché
48949,Iranzo Lendínez
48950,Rubén Iranzo
48951,Rubo
48952,José Gabriel
48953,G. Cevallos
48954,Yepes Laut
48955,Gerard Yepes
48956,Laso Gutiérrez
48957,Lucas Laso
48958,Jogo
48959,Tomkinson
48960,G. Hall
48961,E. Guevara
48962,Juan de Dios
48963,SeongHun
48964,ShinJin
48965,HanGyeol
48966,Y. Kore
48967,Detlef
48968,Esapa Osong
48969,Min Geu
48970,Kang Min Geu
48971,MinGeu
48972,A.Ramsey
48973,Martin André
48974,Boolsen
48975,Jiovany
48976,Foti
48977,J. Mendes
48978,Lee Seung Hwan
48979,GyeongHyeon
48980,José Alí
48981,Alí Meza
48982,M. Suarez
48983,A. Prado
48984,Dijan
48985,Vukojević
48986,De Nipoti
48987,L. Zarate
48988,Las
48989,Gannon-Doak
48990,Etchebarne
48991,S. Etchebarne
48992,De Los Santos
48993,J. De los Santos
48994,Morgenstern
48995,Boureille
48996,Cantore
48997,Soggiu
48998,Rudd
48999,Gramaglia
49000,Delzer
49001,Weimar
49002,Wi Je
49003,Cho Wi Je
49004,WiJe
49005,N.Asiri
49006,Deossa
49007,N. Deossa
49008,Richart
49009,Rai Pablo
49010,J. Noguera
49011,Rodrigo R.
49012,Matus
49013,L. Morales
49014,Røsten
49015,Carlos Joaquim
49016,Antunes dos Santos
49017,CJ dos Santos
49018,Goh Dong Min
49019,DongMin
49020,Héloïse
49021,Mansuy
49022,Krogelien
49023,Marcucci
49024,Moreno Paz
49025,Quispe
49026,P. Quispe
49027,R.Ozaybi
49028,V. Gómez
49029,Jhon Solis
49030,JunSub
49031,Maicol
49032,López Gallo
49033,Andrés Castrín
49034,A. Castrín
49035,Daykol R.
49036,Luis Adrián
49037,Gagnidze
49038,Sichenje
49039,Mather
49040,Garang
49041,G. Kuol
49042,D. Bobadilla
49043,Lamadrid
49044,Donnell
49045,Piedra
49046,Guellati
49047,Stievenart
49048,Youstin
49049,S.Davi
49050,Al Amin
49051,Alaaeldin
49052,Torrasi
49053,Morello
49054,Zilli
49055,Fagerberg
49056,J. Bartel
49057,Abunada
49058,Al Brake
49059,S.Abakar
49060,Alan N.
49061,Shobeir
49062,M. Shobeir
49063,Anchor
49064,Antonetti
49065,Pinguet
49066,Nanii
49067,Diego Glez.
49068,Alti
49069,A. Alti
49070,Isra Suero
49071,Juan Alexander
49072,Kevin Lenini
49073,Kevin L.
49074,Tjoe-A-On
49075,F. Perruzzi
49076,Wasiri
49077,Nkosinathi
49078,Sibisi
49079,A. Forés
49080,Sigurdardottir
49081,Makki
49082,Isalm
49083,Islam.H
49084,Y.AlNaji
49085,Vítek
49086,Øy
49087,Aiki
49088,Le Moguedec
49089,Eloissaint
49090,Loune
49091,Moğultay
49092,Anhari
49093,A.Alanzi
49094,Bagalianis
49095,Bela
49096,Dumrath
49097,A. Alcaraz
49098,Moura Nascimento
49099,Rodrigo Moura
49100,Warshawsky
49101,Biondic
49102,Le Montraux
49103,Ariane
49104,Dumay
49105,Sofiana
49106,YongHui
49107,Anna Langås
49108,Jøsendal
49109,Z Hawsawi
49110,Dickov
49111,Vilarrasa Palacios
49112,Vilarrasa
49113,I. Vilarrasa
49114,Diego Gabriel
49115,Silva Rosa
49116,Diego Rosa
49117,Yuliwes
49118,Bellache
49119,Massolin
49120,Lourenço Duarte
49121,André Duarte
49122,Larrosa
49123,Abo Abd
49124,M.Abu Abd
49125,Hamulić
49126,Hamulic
49127,Klismahn
49128,Gustavo Klismahn
49129,Carlitos
49130,C. Rodriguez
49131,João Pedro Eira
49132,Antunes Silva
49133,João Silva
49134,J. Silva
49135,Rafael B.
49136,W. Agada
49137,Gali
49138,Ferizaj
49139,Thiago Ojeda
49140,M.Fernandes
49141,El-Abdellaoui
49142,D. Callai
49143,Mazilu
49144,Picornell
49145,Khuliso
49146,Mudau
49147,Vukancic
49148,Talley
49149,E. Danso
49150,Olakigbe
49151,Moraru
49152,Megeed
49153,Otabek
49154,Shukurov
49155,Ída Marín
49156,Hermannsdóttir
49157,Bim
49158,Sekou Tidiany
49159,Oliveri
49160,Giunti
49161,Karamarko
49162,Fontanarosa
49163,M.alyami
49164,H.Alsibyani
49165,Clescenco
49166,Marezi
49167,Mark Nnamdi
49168,Ugboh
49169,Blănuță
49170,Blanuta
49171,Steimbach
49172,Abdelmounaim
49173,Boutouil
49174,Bajcetic
49175,Musa Touré
49176,P. Fernandez
49177,S.Lloris
49178,Carbonell Muñoz
49179,Estela Carbonell
49180,Alguacil
49181,M.Portales
49182,Kanteh Cham
49183,L. Martínez
49184,Judith C.
49185,Sarasola
49186,Koko Ange
49187,Monday G.
49188,Encarnación
49189,Jiménez Navarro
49190,Encarni
49191,G. Soliveres
49192,Kardesler
49193,Kucharski
49194,Yanniel
49195,Y. Hernandez
49196,López Soria
49197,Jesús López
49198,Jesús L.
49199,Darias
49200,R. Perez
49201,Álvaro Rodríguez
49202,Jaló
49203,Diego Mendez
49204,D. Pérez
49205,Mestre Sánchez
49206,Sergio Mestre
49207,Mestre
49208,Nibe
49209,Nicki
49210,Fernández González
49211,Javier Fernández
49212,J. Hurtado
49213,Al Rajih
49214,M.Gimenez
49215,Yong Hak
49216,Kim Yong Hak
49217,YongHak
49218,Lührs
49219,Alemañ
49220,P. Alemañ
49221,Abaldo
49222,K. Castaño
49223,Solé
49224,Chinchilla
49225,P. Chinchilla
49226,Mastrángelo
49227,Santos de Oliveira
49228,Danilo Santos
49229,Yhormar
49230,Y. Hurtado
49231,Ruthny
49232,Mathurin
49233,K.Taylor
49234,Hildah
49235,Magaia
49236,D. Duran
49237,Ntamack
49238,Tobi
49239,Rabino
49240,Chagas
49241,R. Chagas
49242,Diego AV
49243,Mera
49244,J. Mera
49245,L. Rodríguez
49246,A. Ferrari
49247,Mellon
49248,JungTaek
49249,Léider
49250,Berrío
49251,Martinicorena
49252,F. González
49253,Ronal
49254,R. Domínguez
49255,De Ritis
49256,G. Nogueira
49257,Ahn Jae Min
49258,Kim Sung Dong
49259,Sungdong
49260,G.Puerta
49261,Auglah
49262,Martinich
49263,Martinich M.
49264,Toku
49265,M.Hurboush
49266,J.Anderson
49267,Vivaldo Leandro
49268,Semedo Moura Sousa
49269,Vivaldo Semedo
49270,Walter Jhonnier
49271,Jhonnier
49272,Soonsup-Bell
49273,Tornich
49274,João Tornich
49275,Gómez Riga
49276,Yerlin
49277,Y. Quiñonez
49278,Juanfer
49279,A. Gomes
49280,Bertolissio
49281,JuChan
49282,Gi Hyun
49283,Park Gi Hyun
49284,GiHyun
49285,Brodi
49286,A. Matturro
49287,Calixte
49288,Korać
49289,F.Gelli
49290,Kostis
49291,S.Velásquez
49292,Rindov
49293,Jung Jae Min
49294,Kadan
49295,Izekor
49296,Tim-Justin
49297,Micael
49298,dos Santos Silva
49299,M. Silva
49300,Jang Si Young
49301,Ferreira Oliveira
49302,Jannenson
49303,Chamba
49304,T. Chamba
49305,Faustino
49306,F. Barone
49307,Myeongkwan
49308,Kim Seung Ho
49309,SeungHo
49310,Kabaiev
49311,Cristhoper
49312,Wlk
49313,Demjén
49314,Fumaça Mascarenhas
49315,Masca
49316,Lee Min Hyeok
49317,Minhyeok
49318,Moctar
49319,Kalumba Jr
49320,G. Vargas
49321,Shean
49322,Børset
49323,L. Vušković
49324,Severiche
49325,Livano
49326,Comenencia
49327,Ouro-Tagba
49328,Trevan
49329,Noah Åstrand
49330,M.Patouillet
49331,Rúben da Rocha
49332,Rúben Rodrigues
49333,Dordan
49334,J. Pascual
49335,Brais M.
49336,Strata
49337,Ben Hamed
49338,Ben Toure
49339,Alshweirkh
49340,Pietrelli
49341,Alelewah
49342,E. Pizarro
49343,Chanse
49344,Headman
49345,Roslyng
49346,Lécolier
49347,Daho
49348,Hormigo Iturralde
49349,Hormigo
49350,Solai
49351,I.Olawoyin
49352,Jochem
49353,van de Kamp
49354,Markou
49355,Pilati
49356,Abiodun
49357,Carolina Correia
49358,Yegoian
49359,Slišković
49360,Leon-Oumar
49361,Wechsel
49362,Otoya
49363,Málcom
49364,M. Mosquera
49365,Bajlicz
49366,Creț
49367,Cret
49368,Ashangbam Singh
49369,Donát
49370,Decoene
49371,Nkoa
49372,Brzozowski
49373,Abdulellah
49374,Glasson
49375,Casey Yujin
49376,Phair
49377,Casey Phair
49378,Riep
49379,Loide António
49380,Loide Augusto
49381,L.Augusto
49382,Leyser
49383,Alsubaie
49384,YunSang
49385,N. Mendy
49386,Dizdarević
49387,Tjaš
49388,Begić
49389,Álvaro N.C.
49390,Salray An
49391,Čuić
49392,Suhluli
49393,Shluli
49394,R.Kante
49395,Zurawski
49396,Alemão
49397,A.Moreira
49398,Román González
49399,Miguel Román
49400,M. Román
49401,Carlos E.
49402,Kedie
49403,Yoli
49404,Costa Rodrigues
49405,Diogo Rodrigues
49406,Jankovska
49407,Joël Marcel
49408,Ranjeet
49409,Pandre
49410,Farhah
49411,A. Cerrato
49412,Tölzel
49413,Álvaro M.
49414,M.Yousef
49415,Fernández Díaz
49416,Alexia Fernández
49417,B.Chhetri
49418,Luan Campos
49419,Ha Jun
49420,Kim Ha Jun
49421,HaJun
49422,Hernes
49423,Edna Imade
49424,Espinosa García
49425,Diego Espinosa
49426,AlZubaidi
49427,Darsi
49428,A. Darsi
49429,Nosa
49430,Rasmus Eggen
49431,Vinge
49432,Eggen Vinge
49433,Asamoah Jr
49434,Natan Bernardo
49435,Chhunga Hmar
49436,Hazim
49437,A.Bojang
49438,J. Colwill
49439,Heide
49440,Facu
49441,D.Soumare
49442,Everson Junior
49443,Everson JR
49444,González Sotos
49445,Hugo González
49446,H. González
49447,M.Gbané
49448,Tom Ritzy
49449,Moreno Alcalá
49450,Víctor Moreno
49451,Sersanti
49452,van Zwam
49453,Altena
49454,Egbring
49455,Stolnik
49456,Araoye
49457,Montoia
49458,Kaprálik
49459,Zuccon
49460,Lara M.
49461,F. Peralta
49462,Luis Paz
49463,M.Leonardo
49464,Swiderski
49465,Lahmadi
49466,J. Benito
49467,Naj
49468,Razi
49469,Santi G.
49470,Gomes Gerth
49471,A. Lozano
49472,Kochen
49473,Borja Jr
49474,Kamari
49475,M. Jaouab
49476,Jadel
49477,Katongo
49478,Weidmann
49479,Garriel Múñoz
49480,Iván Garriel
49481,I. Garriel
49482,Leković
49483,Rafús
49484,Van Neck
49485,Basse
49486,Biancheri
49487,Al Rammah
49488,R.Kaabi
49489,Suphanat
49490,Mueanta
49491,Angel T.
49492,MacNicol
49493,E.Aydın
49494,Siles
49495,P. Siles
49496,AlMasoud
49497,Jimmy-Jay
49498,Malamine
49499,Efekele
49500,Stutter
49501,Theiner
49502,Guercio
49503,S. Fernandes
49504,Westh
49505,E.Ortakaya
49506,Dönmezer
49507,Guilherme Sousa
49508,Guilherme F.
49509,Juanma Herzog
49510,Iribarne Alemán
49511,Bruno Iribarne
49512,Cravero
49513,Mendoza Martínez
49514,R. Mendoza
49515,M. Maroto
49516,Tamen
49517,Donley
49518,Deniz Gul
49519,El Jebari
49520,Makenzie
49521,Niño
49522,Álvaro Carrillo
49523,Meya Bellot
49524,Aina Meya
49525,Bamidele
49526,Vanlalpeka
49527,Guite
49528,Guite Peka
49529,Sellars-Fleming
49530,Nadhir
49531,Colunga
49532,Miguelito
49533,Guilmar
49534,Centella
49535,Senan
49536,A.Kone
49537,Gooijer
49538,Brandes
49539,Atcheson
49540,Akeel
49541,Rasmus Nåfors
49542,Alamara
49543,Djabi
49544,Jordi Martin
49545,O.Sadik
49546,Whitwell
49547,Nolhan
49548,Courtens
49549,Aristizábal
49550,Oliver Jordan
49551,Adam B.
49552,Stavro
49553,Pilo
49554,Gu Rum
49555,Téo
49556,Allix
49557,Langhoff
49558,Damián Rodríguez
49559,Menéndez Secades
49560,U. Giménez
49561,Beltran
49562,Eran
49563,Tuypens
49564,Rotchet
49565,B. Sangare
49566,Beres
49567,Dongmo
49568,María Luisa
49569,García Antolín
49570,Duffus
49571,Fabio Andrea
49572,G. Blanc
49573,Mbick
49574,Baallal
49575,Amín
49576,Romero Morilla
49577,Rafa Romero
49578,Sandra Maria
49579,Mendicino
49580,Frantz
49581,Kone-Doherty
49582,Mouquet
49583,Rylah
49584,Belaid Khelil
49585,Del Lungo
49586,Bragg
49587,O'hanlon
49588,Aingeru
49589,Olabarrieta Capelo
49590,Olabarrieta
49591,Tristán Jiménez
49592,Tristán
49593,Susoho Sissoho
49594,Mahamadou Susoho
49595,Susoho
49596,Nadélia
49597,Francisco Diogo
49598,Pereira Silva
49599,Francisco Silva
49600,Francisco S.
49601,G. Moscardo
49602,Menéndez Agudín
49603,Pablo Agudín
49604,Agudín
49605,Hugo Félix
49606,Alouis
49607,Diriken
49608,Otorbi Ejededawe
49609,David Otorbi
49610,Otorbi
49611,Leal Siqueira
49612,Gui Siqueira
49613,Siqueira
49614,Julià Martínez
49615,Carla Julià
49616,Tamble Ulisses
49617,Folgado Monteiro
49618,Tamble
49619,D. Nandín
49620,Veron Lupi
49621,Dadie Izagirre
49622,Felipe A.
49623,Jura
