objective,highestpossible,yettowin,homedraws,highestprobable,artificialkey,hasachievedobjective,unbeatenhome,previousyeartableposition,actualvsexpectations,teamlongform,prevleagueid,awaylosses,nummatchesplayed,awaygf,unbeatenleague,lastgameresult,homega,points,leagueid,unbeatenallcomps,currenttableposition,homegf,teamshortform,teamid,homelosses,homewins,grouping,awaywins,awayga,unbeatenaway,awaydraws,champion,teamform
0,0,0,0,0,0,0,0,5,0,0,1,0,0,0,0,1,0,0,1,0,4,0,0,269,0,0,10,0,0,0,0,0,0
0,0,0,0,0,1,0,0,9,0,0,1,0,0,0,0,2,0,0,1,0,11,0,0,270,0,0,4,0,0,0,0,0,0
0,0,0,0,0,2,0,0,3,0,0,1,0,0,0,0,0,0,0,1,0,1,0,0,271,0,0,0,0,0,0,0,0,0
0,0,0,0,0,3,0,0,8,0,0,1,0,0,0,0,2,0,0,1,0,8,0,0,272,0,0,5,0,0,0,0,0,0
0,0,0,0,0,4,0,0,1,0,0,1,0,0,0,0,2,0,0,1,0,7,0,0,819,0,0,10,0,0,0,0,1,0
0,0,0,0,0,5,0,0,11,0,0,1,0,0,0,0,2,0,0,1,0,12,0,0,822,0,0,4,0,0,0,0,0,0
0,0,0,0,0,6,0,0,4,0,0,1,0,0,0,0,0,0,0,1,0,5,0,0,1443,0,0,3,0,0,0,0,0,0
0,0,0,0,0,7,0,0,12,0,0,1,0,0,0,0,0,0,0,1,0,3,0,0,1447,0,0,3,0,0,0,0,0,0
0,0,0,0,0,8,0,0,7,0,0,1,0,0,0,0,1,0,0,1,0,2,0,0,1516,0,0,10,0,0,0,0,0,0
0,0,0,0,0,9,0,0,6,0,0,1,0,0,0,0,0,0,0,1,0,9,0,0,1786,0,0,8,0,0,0,0,0,0
0,0,0,0,0,10,0,0,2,0,0,1,0,0,0,0,2,0,0,1,0,6,0,0,1788,0,0,8,0,0,0,0,0,0
0,0,0,0,0,11,0,0,13,0,0,1,0,0,0,0,0,0,0,1,0,10,0,0,15006,0,0,5,0,0,0,0,0,0
0,0,0,0,0,12,0,0,11,0,0,4,0,0,0,0,2,0,0,4,0,6,0,0,229,0,0,10,0,0,0,0,0,0
0,0,0,0,0,13,0,0,3,0,0,4,0,0,0,0,2,0,0,4,0,10,0,0,230,0,0,8,0,0,0,0,1,0
0,0,0,0,0,14,0,0,4,0,0,4,0,0,0,0,0,0,0,4,0,2,0,0,231,0,0,10,0,0,0,0,0,0
0,0,0,0,0,15,0,0,6,0,0,4,0,0,0,0,1,0,0,4,0,8,0,0,232,0,0,8,0,0,0,0,0,0
0,0,0,0,0,16,0,0,14,0,0,4,0,0,0,0,2,0,0,4,0,16,0,0,537,0,0,4,0,0,0,0,0,0
0,0,0,0,0,17,0,0,9,0,0,4,0,0,0,0,2,0,0,4,0,11,0,0,670,0,0,3,0,0,0,0,0,0
0,0,0,0,0,18,0,0,1,0,0,4,0,0,0,0,1,0,0,4,0,7,0,0,673,0,0,3,0,0,0,0,0,0
0,0,0,0,0,19,0,0,5,0,0,4,0,0,0,0,0,0,0,4,0,4,0,0,674,0,0,10,0,0,0,0,0,0
0,0,0,0,0,20,0,0,12,0,0,4,0,0,0,0,2,0,0,4,0,3,0,0,680,0,0,10,0,0,0,0,0,0
0,0,0,0,0,21,0,0,7,0,0,4,0,0,0,0,1,0,0,4,0,9,0,0,681,0,0,3,0,0,0,0,0,0
0,0,0,0,0,22,0,0,8,0,0,4,0,0,0,0,0,0,0,4,0,14,0,0,1750,0,0,4,0,0,0,0,0,0
0,0,0,0,0,23,0,0,2,0,0,4,0,0,0,0,0,0,0,4,0,1,0,0,2014,0,0,0,0,0,0,0,0,0
0,0,0,0,0,24,0,0,15,0,0,4,0,0,0,0,0,0,0,4,0,13,0,0,15005,0,0,3,0,0,0,0,0,0
0,0,0,0,0,25,0,0,10,0,0,4,0,0,0,0,0,0,0,4,0,12,0,0,100087,0,0,5,0,0,0,0,0,0
0,0,0,0,0,26,0,0,13,0,0,4,0,0,0,0,2,0,0,4,0,5,0,0,110724,0,0,10,0,0,0,0,0,0
0,0,0,0,0,27,0,0,16,0,0,4,0,0,0,0,1,0,0,4,0,15,0,0,132231,0,0,5,0,0,0,0,0,0
0,0,0,0,0,28,0,0,3,0,0,10,0,0,0,0,1,0,0,10,0,5,0,0,245,0,0,10,0,0,0,0,0,0
0,0,0,0,0,29,0,0,1,0,0,10,0,0,0,0,0,0,0,10,0,2,0,0,246,0,0,10,0,0,0,0,1,0
0,0,0,0,0,30,0,0,2,0,0,10,0,0,0,0,0,0,0,10,0,1,0,0,247,0,0,0,0,0,0,0,0,0
0,0,0,0,0,31,0,0,13,0,0,10,0,0,0,0,2,0,0,10,0,11,0,0,634,0,0,3,0,0,0,0,0,0
0,0,0,0,0,32,0,0,14,0,0,10,0,0,0,0,2,0,0,10,0,16,0,0,645,0,0,3,0,0,0,0,0,0
0,0,0,0,0,33,0,0,7,0,0,10,0,0,0,0,0,0,0,10,0,6,0,0,1903,0,0,3,0,0,0,0,0,0
0,0,0,0,0,34,0,0,18,0,0,10,0,0,0,0,1,0,0,10,0,17,0,0,1904,0,0,4,0,0,0,0,0,0
0,0,0,0,0,35,0,0,4,0,0,10,0,0,0,0,1,0,0,10,0,7,0,0,1906,0,0,8,0,0,0,0,0,0
0,0,0,0,0,36,0,0,5,0,0,10,0,0,0,0,2,0,0,10,0,4,0,0,1908,0,0,8,0,0,0,0,0,0
0,0,0,0,0,37,0,0,12,0,0,10,0,0,0,0,0,0,0,10,0,3,0,0,1910,0,0,10,0,0,0,0,0,0
0,0,0,0,0,38,0,0,8,0,0,10,0,0,0,0,1,0,0,10,0,8,0,0,1913,0,0,3,0,0,0,0,0,0
0,0,0,0,0,39,0,0,17,0,0,10,0,0,0,0,2,0,0,10,0,15,0,0,1914,0,0,3,0,0,0,0,0,0
0,0,0,0,0,40,0,0,12,0,0,10,0,0,0,0,0,0,0,10,0,9,0,0,1915,0,0,8,0,0,0,0,0,0
0,0,0,0,0,41,0,0,15,0,0,10,0,0,0,0,0,0,0,10,0,13,0,0,1971,0,0,3,0,0,0,0,0,0
0,0,0,0,0,42,0,0,11,0,0,10,0,0,0,0,2,0,0,10,0,12,0,0,100632,0,0,3,0,0,0,0,0,0
0,0,0,0,0,43,0,0,16,0,0,10,0,0,0,0,2,0,0,10,0,18,0,0,100634,0,0,4,0,0,0,0,0,0
0,0,0,0,0,44,0,0,19,0,0,10,0,0,0,0,0,0,0,10,0,14,0,0,100638,0,0,5,0,0,0,0,0,0
0,0,0,0,0,45,0,0,6,0,0,10,0,0,0,0,2,0,0,10,0,10,0,0,100646,0,0,8,0,0,0,0,0,0
0,0,0,0,0,46,0,0,2,0,0,13,0,0,0,0,0,0,0,13,0,1,0,0,1,0,0,0,0,0,0,0,0,0
0,0,0,0,0,47,0,0,7,0,0,13,0,0,0,0,0,0,0,13,0,4,0,0,2,0,0,1,0,0,0,0,0,0
0,0,0,0,0,48,0,0,12,0,0,13,0,0,0,0,2,0,0,13,0,10,0,0,5,0,0,2,0,0,0,0,0,0
0,0,0,0,0,49,0,0,17,0,0,13,0,0,0,0,2,0,0,13,0,13,0,0,7,0,0,3,0,0,0,0,0,0
0,0,0,0,0,50,0,0,18,0,0,14,0,0,0,0,2,0,0,13,0,14,0,0,8,0,0,5,0,0,0,0,1,0
0,0,0,0,0,51,0,0,5,0,0,13,0,0,0,0,1,0,0,13,0,5,0,0,9,0,0,3,0,0,0,0,1,0
0,0,0,0,0,52,0,0,1,0,0,13,0,0,0,0,2,0,0,13,0,2,0,0,10,0,0,1,0,0,0,0,0,0
0,0,0,0,0,53,0,0,3,0,0,13,0,0,0,0,0,0,0,13,0,3,0,0,11,0,0,1,0,0,0,0,0,0
0,0,0,0,0,54,0,0,4,0,0,13,0,0,0,0,2,0,0,13,0,12,0,0,13,0,0,3,0,0,0,0,0,0
0,0,0,0,0,55,0,0,16,0,0,13,0,0,0,0,1,0,0,13,0,16,0,0,14,0,0,5,0,0,0,0,0,0
0,0,0,0,0,56,0,0,8,0,0,13,0,0,0,0,0,0,0,13,0,17,0,0,18,0,0,3,0,0,0,0,0,0
0,0,0,0,0,57,0,0,14,0,0,13,0,0,0,0,0,0,0,13,0,18,0,0,19,0,0,4,0,0,0,0,0,0
0,0,0,0,0,58,0,0,6,0,0,14,0,0,0,0,0,0,0,13,0,7,0,0,106,0,0,3,0,0,0,0,0,0
0,0,0,0,0,59,0,0,13,0,0,13,0,0,0,0,1,0,0,13,0,20,0,0,110,0,0,4,0,0,0,0,0,0
0,0,0,0,0,60,0,0,10,0,0,13,0,0,0,0,0,0,0,13,0,11,0,0,144,0,0,3,0,0,0,0,0,0
0,0,0,0,0,61,0,0,1,0,0,14,0,0,0,0,1,0,0,13,0,19,0,0,1796,0,0,4,0,0,0,0,0,0
0,0,0,0,0,62,0,0,11,0,0,13,0,0,0,0,2,0,0,13,0,15,0,0,1799,0,0,5,0,0,0,0,0,0
0,0,0,0,0,63,0,0,6,0,0,13,0,0,0,0,2,0,0,13,0,8,0,0,1808,0,0,3,0,0,0,0,0,0
0,0,0,0,0,64,0,0,9,0,0,13,0,0,0,0,1,0,0,13,0,9,0,0,1925,0,0,3,0,0,0,0,0,0
0,0,0,0,0,65,0,0,15,0,0,13,0,0,0,0,1,0,0,76,0,6,0,0,1943,0,0,3,0,0,0,0,0,0
0,0,0,0,0,66,0,0,7,0,0,14,0,0,0,0,2,0,0,14,0,20,0,0,3,0,0,4,0,0,0,0,0,0
0,0,0,0,0,67,0,0,4,0,0,14,0,0,0,0,1,0,0,14,0,5,0,0,12,0,0,6,0,0,0,0,0,0
0,0,0,0,0,68,0,0,20,0,0,14,0,0,0,0,2,0,0,14,0,15,0,0,15,0,0,3,0,0,0,0,0,0
0,0,0,0,0,69,0,0,20,0,0,13,0,0,0,0,0,0,0,14,0,4,0,0,17,0,0,3,0,0,0,0,0,0
0,0,0,0,0,70,0,0,17,0,0,60,0,0,0,0,1,0,0,14,0,10,0,0,88,0,0,3,0,0,0,0,1,0
0,0,0,0,0,71,0,0,10,0,0,60,0,0,0,0,2,0,0,14,0,19,0,0,89,0,0,5,0,0,0,0,0,0
0,0,0,0,0,72,0,0,7,0,0,14,0,0,0,0,2,0,0,14,0,8,0,0,91,0,0,8,0,0,0,0,0,0
0,0,0,0,0,73,0,0,2,0,0,13,0,0,0,0,0,0,0,14,0,2,0,0,94,0,0,7,0,0,0,0,0,0
0,0,0,0,0,74,0,0,19,0,0,13,0,0,0,0,0,0,0,14,0,23,0,0,95,0,0,3,0,0,0,0,0,0
0,0,0,0,0,75,0,0,8,0,0,14,0,0,0,0,0,0,0,14,0,3,0,0,97,0,0,7,0,0,0,0,0,0
0,0,0,0,0,76,0,0,9,0,0,14,0,0,0,0,2,0,0,14,0,21,0,0,109,0,0,5,0,0,0,0,0,0
0,0,0,0,0,77,0,0,8,0,0,14,0,0,0,0,1,0,0,14,0,18,0,0,1790,0,0,5,0,0,0,0,0,0
0,0,0,0,0,78,0,0,13,0,0,14,0,0,0,0,2,0,0,14,0,9,0,0,1792,0,0,5,0,0,0,0,0,0
0,0,0,0,0,79,0,0,2,0,0,14,0,0,0,0,0,0,0,14,0,13,0,0,1794,0,0,5,0,0,0,0,0,0
0,0,0,0,0,80,0,0,11,0,0,14,0,0,0,0,2,0,0,14,0,16,0,0,1795,0,0,3,0,0,0,0,0,0
0,0,0,0,0,81,0,0,5,0,0,14,0,0,0,0,0,0,0,14,0,1,0,0,1800,0,0,6,0,0,0,0,0,0
0,0,0,0,0,82,0,0,12,0,0,14,0,0,0,0,2,0,0,14,0,14,0,0,1801,0,0,8,0,0,0,0,0,0
0,0,0,0,0,83,0,0,16,0,0,14,0,0,0,0,2,0,0,14,0,17,0,0,1806,0,0,3,0,0,0,0,0,0
0,0,0,0,0,84,0,0,3,0,0,14,0,0,0,0,0,0,0,14,0,24,0,0,1807,0,0,4,0,0,0,0,0,0
0,0,0,0,0,85,0,0,14,0,0,14,0,0,0,0,0,0,0,14,0,12,0,0,1919,0,0,3,0,0,0,0,0,0
0,0,0,0,0,86,0,0,23,0,0,60,0,0,0,0,1,0,0,14,0,7,0,0,1947,0,0,7,0,0,0,0,0,0
0,0,0,0,0,87,0,0,19,0,0,14,0,0,0,0,2,0,0,14,0,22,0,0,1951,0,0,4,0,0,0,0,0,0
0,0,0,0,0,88,0,0,15,0,0,14,0,0,0,0,0,0,0,14,0,6,0,0,1952,0,0,7,0,0,0,0,0,0
0,0,0,0,0,89,0,0,10,0,0,14,0,0,0,0,0,0,0,14,0,11,0,0,1960,0,0,3,0,0,0,0,0,0
0,0,0,0,0,90,0,0,17,0,0,16,0,0,0,0,0,0,0,16,0,15,0,0,57,0,0,4,0,0,0,0,0,0
0,0,0,0,0,91,0,0,2,0,0,16,0,0,0,0,0,0,0,16,0,2,0,0,64,0,0,1,0,0,0,0,0,0
0,0,0,0,0,92,0,0,5,0,0,16,0,0,0,0,2,0,0,16,0,3,0,0,65,0,0,2,0,0,0,0,0,0
0,0,0,0,0,93,0,0,7,0,0,16,0,0,0,0,2,0,0,16,0,4,0,0,66,0,0,2,0,0,0,0,0,0
0,0,0,0,0,94,0,0,2,0,0,17,0,0,0,0,1,0,0,16,0,18,0,0,68,0,0,4,0,0,0,0,0,0
0,0,0,0,0,95,0,0,6,0,0,16,0,0,0,0,2,0,0,16,0,7,0,0,69,0,0,3,0,0,0,0,0,0
0,0,0,0,0,96,0,0,16,0,0,16,0,0,0,0,1,0,0,16,0,17,0,0,71,0,0,5,0,0,0,0,0,0
0,0,0,0,0,97,0,0,9,0,0,16,0,0,0,0,1,0,0,16,0,16,0,0,72,0,0,3,0,0,0,0,0,0
0,0,0,0,0,98,0,0,1,0,0,16,0,0,0,0,2,0,0,16,0,1,0,0,73,0,0,0,0,0,0,0,1,0
0,0,0,0,0,99,0,0,4,0,0,16,0,0,0,0,2,0,0,16,0,6,0,0,74,0,0,3,0,0,0,0,0,0
0,0,0,0,0,100,0,0,15,0,0,16,0,0,0,0,0,0,0,16,0,8,0,0,76,0,0,3,0,0,0,0,0,0
0,0,0,0,0,101,0,0,10,0,0,16,0,0,0,0,2,0,0,16,0,10,0,0,217,0,0,3,0,0,0,0,0,0
0,0,0,0,0,102,0,0,3,0,0,16,0,0,0,0,0,0,0,16,0,5,0,0,219,0,0,1,0,0,0,0,0,0
0,0,0,0,0,103,0,0,14,0,0,16,0,0,0,0,1,0,0,16,0,12,0,0,378,0,0,3,0,0,0,0,0,0
0,0,0,0,0,104,0,0,20,0,0,16,0,0,0,0,1,0,0,16,0,13,0,0,1530,0,0,3,0,0,0,0,0,0
0,0,0,0,0,105,0,0,1,0,0,17,0,0,0,0,0,0,0,16,0,14,0,0,1738,0,0,5,0,0,0,0,1,0
0,0,0,0,0,106,0,0,13,0,0,16,0,0,0,0,1,0,0,16,0,9,0,0,1809,0,0,3,0,0,0,0,0,0
0,0,0,0,0,107,0,0,7,0,0,17,0,0,0,0,0,0,0,16,0,11,0,0,111817,0,0,5,0,0,0,0,0,0
0,0,0,0,0,108,0,0,4,0,0,17,0,0,0,0,2,0,0,17,0,17,0,0,58,0,0,4,0,0,0,0,0,0
0,0,0,0,0,109,0,0,6,0,0,17,0,0,0,0,2,0,0,17,0,11,0,0,62,0,0,3,0,0,0,0,0,0
0,0,0,0,0,110,0,0,12,0,0,16,0,0,0,0,1,0,0,17,0,8,0,0,70,0,0,3,0,0,0,0,0,0
0,0,0,0,0,111,0,0,19,0,0,16,0,0,0,0,2,0,0,17,0,1,0,0,294,0,0,6,0,0,0,0,0,0
0,0,0,0,0,112,0,0,11,0,0,16,0,0,0,0,0,0,0,17,0,6,0,0,379,0,0,7,0,0,0,0,0,0
0,0,0,0,0,113,0,0,21,0,0,17,0,0,0,0,0,0,0,17,0,2,0,0,1739,0,0,7,0,0,0,0,0,0
0,0,0,0,0,114,0,0,10,0,0,17,0,0,0,0,0,0,0,17,0,12,0,0,1805,0,0,3,0,0,0,0,0,0
0,0,0,0,0,115,0,0,15,0,0,17,0,0,0,0,0,0,0,17,0,16,0,0,1814,0,0,4,0,0,0,0,0,0
0,0,0,0,0,116,0,0,8,0,0,16,0,0,0,0,0,0,0,17,0,13,0,0,1815,0,0,3,0,0,0,0,0,0
0,0,0,0,0,117,0,0,12,0,0,17,0,0,0,0,2,0,0,17,0,18,0,0,1816,0,0,5,0,0,0,0,0,0
0,0,0,0,0,118,0,0,8,0,0,17,0,0,0,0,0,0,0,17,0,3,0,0,1819,0,0,7,0,0,0,0,0,0
0,0,0,0,0,119,0,0,22,0,0,16,0,0,0,0,0,0,0,17,0,14,0,0,1823,0,0,3,0,0,0,0,0,0
0,0,0,0,0,120,0,0,13,0,0,17,0,0,0,0,2,0,0,17,0,9,0,0,110321,0,0,3,0,0,0,0,0,0
0,0,0,0,0,121,0,0,23,0,0,17,0,0,0,0,1,0,0,17,0,4,0,0,111273,0,0,6,0,0,0,0,0,0
0,0,0,0,0,122,0,0,20,0,0,17,0,0,0,0,2,0,0,17,0,10,0,0,111276,0,0,8,0,0,0,0,0,0
0,0,0,0,0,123,0,0,14,0,0,17,0,0,0,0,0,0,0,17,0,5,0,0,111659,0,0,3,0,0,0,0,0,0
0,0,0,0,0,124,0,0,24,0,0,17,0,0,0,0,2,0,0,17,0,7,0,0,131447,0,0,3,0,0,0,0,0,0
0,0,0,0,0,125,0,0,25,0,0,17,0,0,0,0,2,0,0,17,0,15,0,0,132680,0,0,5,0,0,0,0,0,0
0,0,0,0,0,126,0,0,1,0,86,19,0,34,0,0,0,0,0,19,0,1,0,86,21,0,0,0,0,0,1,0,1,22122
0,1,0,0,1,127,0,0,2,0,70,19,0,34,0,0,0,0,0,19,0,2,0,60,22,0,0,0,0,0,0,0,0,2022
0,3,0,0,3,128,0,0,10,0,43,19,0,34,0,0,0,0,0,19,0,12,0,53,23,0,0,0,0,0,0,0,0,11202
0,3,0,0,3,129,0,0,5,0,46,19,0,34,0,0,0,0,0,19,0,7,0,46,25,0,0,0,0,0,0,0,0,20102
0,3,0,0,3,130,0,0,3,0,40,20,0,34,0,0,1,0,0,19,0,13,0,46,28,0,0,0,0,0,0,0,0,221
0,5,0,0,5,131,0,0,11,0,26,19,0,34,0,0,2,0,0,19,0,14,0,13,31,0,0,0,0,0,0,0,0,10100
0,2,0,0,2,132,0,0,6,0,53,19,0,34,0,0,1,0,0,19,0,6,0,46,32,0,0,0,0,0,0,0,0,2201
0,1,0,0,1,133,0,0,16,0,53,19,0,34,0,0,1,0,0,19,0,4,0,40,36,0,0,0,0,0,0,0,0,1121
0,5,0,0,5,134,0,0,13,0,33,19,0,34,0,0,2,0,0,19,0,15,0,26,38,0,0,0,0,0,0,0,0,21000
0,3,0,0,3,135,0,0,9,0,56,19,0,34,0,0,0,0,0,19,0,10,0,46,169,0,0,0,0,0,0,0,0,10202
0,5,0,0,5,136,0,0,8,0,30,19,0,34,0,0,0,0,0,19,0,16,0,53,175,0,0,0,0,0,0,0,0,21102
0,3,0,0,3,137,0,0,7,0,33,19,0,34,0,0,1,0,0,19,0,8,0,13,1824,0,0,0,0,0,0,0,0,1001
0,3,0,0,3,138,0,0,4,0,36,19,0,34,0,0,0,0,0,19,0,11,0,46,1831,0,0,0,0,0,0,0,0,122
0,2,0,0,2,139,0,0,12,0,50,19,0,34,0,0,2,0,0,19,0,5,0,66,10029,0,0,0,0,0,0,0,0,22120
0,3,0,0,3,140,0,0,15,0,40,19,0,34,0,0,2,0,0,19,0,9,0,66,100409,0,0,0,0,0,0,0,0,21220
0,4,0,0,4,141,0,0,5,0,10,20,0,34,0,0,2,0,0,19,0,18,0,6,110329,0,0,0,0,0,0,0,0,10000
0,4,0,0,4,142,0,0,1,0,40,20,0,34,0,0,2,0,0,19,0,17,0,46,111235,0,0,0,0,0,0,0,1,2120
0,1,0,0,1,143,0,0,3,0,70,19,0,34,0,0,2,0,0,19,0,3,0,60,112172,0,0,0,0,0,0,0,0,22020
0,8,0,0,8,144,0,0,9,0,50,20,0,34,0,0,0,0,0,20,0,6,0,40,29,0,0,0,0,0,0,0,0,22
0,6,0,0,6,145,0,0,17,0,76,19,0,34,0,0,0,0,0,20,0,1,0,80,34,0,0,0,0,0,0,0,0,22202
0,3,0,0,3,146,0,0,16,0,40,20,0,34,0,0,0,0,0,20,0,13,0,53,159,0,0,0,0,0,0,0,0,12102
0,3,0,0,3,147,0,0,14,0,50,19,0,34,0,0,0,0,0,20,0,9,0,53,160,0,0,0,0,0,0,0,0,2112
0,5,0,0,5,148,0,0,12,0,46,20,0,34,0,0,0,0,0,20,0,16,0,46,165,0,0,0,0,0,0,0,0,20102
0,3,0,0,3,149,0,0,18,0,46,19,0,34,0,0,2,0,0,20,0,7,0,26,166,0,0,0,0,0,0,0,0,10020
0,3,0,0,3,150,0,0,14,0,53,20,0,34,0,0,1,0,0,20,0,8,0,60,171,0,0,0,0,0,0,0,0,12121
0,8,0,0,8,151,0,0,10,0,50,20,0,34,0,0,1,0,0,20,0,4,0,46,485,0,0,0,0,0,0,0,0,12111
0,3,0,0,3,152,0,0,6,0,53,2076,0,34,0,0,0,0,0,20,0,11,0,60,503,0,0,0,0,0,0,0,0,20202
0,5,0,0,5,153,0,0,20,0,13,2076,0,34,0,0,2,0,0,20,0,18,0,13,531,0,0,0,0,0,0,0,0,110
0,3,0,0,3,154,0,0,8,0,53,20,0,34,0,0,2,0,0,20,0,12,0,60,576,0,0,0,0,0,0,0,0,22200
0,6,0,0,6,155,0,0,1,0,56,2076,0,34,0,0,0,0,0,20,0,2,0,66,580,0,0,0,0,0,0,0,1,21202
0,3,0,0,3,156,0,0,7,0,36,20,0,34,0,0,2,0,0,20,0,10,0,26,1832,0,0,0,0,0,0,0,0,210
0,6,0,0,7,157,0,0,6,0,53,20,0,34,0,0,0,0,0,20,0,3,0,33,10030,0,0,0,0,0,0,0,0,10012
0,5,0,0,5,158,0,0,15,0,40,20,0,34,0,0,2,0,0,20,0,15,0,46,110500,0,0,0,0,0,0,0,0,12020
0,8,0,0,8,159,0,0,2,0,23,20,0,34,0,0,2,0,0,20,0,5,0,13,110502,0,0,0,0,0,0,0,0,1010
0,3,0,0,5,160,0,0,11,0,53,20,0,34,0,0,2,0,0,20,0,14,0,60,110588,0,0,0,0,0,0,0,0,20220
0,5,0,0,5,161,0,0,4,0,30,20,0,34,0,0,2,0,0,20,0,17,0,40,110636,0,0,0,0,0,0,0,0,2020
0,0,0,0,0,162,0,0,7,0,0,31,0,0,0,0,1,0,0,31,0,6,0,0,45,0,0,2,0,0,0,0,0,0
0,0,0,0,0,163,0,0,10,0,0,31,0,0,0,0,0,0,0,31,0,2,0,0,48,0,0,1,0,0,0,0,1,0
0,0,0,0,0,164,0,0,4,0,0,31,0,0,0,0,0,0,0,31,0,13,0,0,50,0,0,5,0,0,0,0,0,0
0,0,0,0,0,165,0,0,5,0,0,31,0,0,0,0,0,0,0,31,0,3,0,0,52,0,0,1,0,0,0,0,0,0
0,0,0,0,0,166,0,0,10,0,0,31,0,0,0,0,1,0,0,31,0,12,0,0,54,0,0,5,0,0,0,0,0,0
0,0,0,0,0,167,0,0,12,0,0,31,0,0,0,0,2,0,0,31,0,10,0,0,55,0,0,3,0,0,0,0,0,0
0,0,0,0,0,168,0,0,9,0,0,31,0,0,0,0,1,0,0,31,0,8,0,0,189,0,0,3,0,0,0,0,0,0
0,0,0,0,0,169,0,0,17,0,0,31,0,0,0,0,2,0,0,31,0,19,0,0,206,0,0,4,0,0,0,0,0,0
0,0,0,0,0,170,0,0,16,0,0,31,0,0,0,0,0,0,0,31,0,17,0,0,347,0,0,5,0,0,0,0,0,0
0,0,0,0,0,171,0,0,13,0,0,31,0,0,0,0,0,0,0,31,0,4,0,0,1745,0,0,2,0,0,0,0,0,0
0,0,0,0,0,172,0,0,5,0,0,31,0,0,0,0,0,0,0,31,0,14,0,0,1842,0,0,3,0,0,0,0,0,0
0,0,0,0,0,173,0,0,8,0,0,31,0,0,0,0,1,0,0,31,0,15,0,0,110374,0,0,4,0,0,0,0,0,0
0,0,0,0,0,174,0,0,2,0,0,31,0,0,0,0,2,0,0,31,0,16,0,0,110556,0,0,3,0,0,0,0,0,0
0,0,0,0,0,175,0,0,11,0,0,32,0,0,0,0,2,0,0,31,0,20,0,0,110738,0,0,4,0,0,0,0,0,0
0,0,0,0,0,176,0,0,19,0,0,32,0,0,0,0,2,0,0,31,0,18,0,0,111434,0,0,3,0,0,0,0,0,0
0,0,0,0,0,177,0,0,13,0,0,32,0,0,0,0,2,0,0,31,0,11,0,0,111974,0,0,3,0,0,0,0,1,0
0,0,0,0,0,178,0,0,2,0,0,31,0,0,0,0,0,0,0,31,0,9,0,0,115841,0,0,3,0,0,0,0,0,0
0,0,0,0,0,179,0,0,5,0,0,31,0,0,0,0,1,0,0,31,0,7,0,0,115845,0,0,3,0,0,0,0,0,0
0,0,0,0,0,180,0,0,2,0,0,31,0,0,0,0,2,0,0,31,0,5,0,0,131681,0,0,1,0,0,0,0,0,0
0,0,0,0,0,181,0,0,1,0,0,31,0,0,0,0,1,0,0,31,0,1,0,0,131682,0,0,0,0,0,0,0,0,0
0,4,0,0,4,182,0,0,20,0,43,31,0,38,0,0,1,0,0,32,0,20,0,20,200,0,0,5,0,0,0,0,0,1101
0,6,0,0,6,183,0,0,8,0,73,32,0,38,0,0,0,0,0,32,0,1,0,73,205,0,0,8,0,0,0,0,0,12212
0,7,0,0,7,184,0,0,10,0,40,32,0,38,0,0,2,0,0,32,0,6,0,26,1744,0,0,6,0,0,0,0,0,10020
0,3,0,0,3,185,0,0,14,0,33,31,0,38,0,0,1,0,0,32,0,15,0,33,1746,0,0,3,0,0,0,0,0,1021
0,3,0,0,3,186,0,0,7,0,46,32,0,38,0,0,2,0,0,32,0,13,0,46,1837,0,0,4,0,0,0,0,0,20120
0,7,0,0,7,187,0,0,9,0,60,32,0,38,0,0,2,0,0,32,0,4,0,53,1843,0,0,7,0,0,0,0,0,12120
0,5,0,0,5,188,0,0,3,0,40,32,0,38,0,0,0,0,0,32,0,17,0,40,1848,0,0,4,0,0,0,0,0,22
0,8,0,0,8,189,0,0,21,0,63,32,0,38,0,0,0,0,0,32,0,8,0,66,2038,0,0,7,0,0,0,0,0,12202
0,4,0,0,4,190,0,0,19,0,26,32,0,38,0,0,0,0,0,32,0,18,0,46,110740,0,0,3,0,0,0,0,0,20102
0,7,0,0,7,191,0,0,17,0,43,32,0,38,0,0,2,0,0,32,0,5,0,33,110908,0,0,3,0,0,0,0,0,11200
0,3,0,0,3,192,0,0,22,0,40,32,0,38,0,0,0,0,0,32,0,10,0,80,110912,0,0,3,0,0,0,0,0,22022
0,3,0,0,3,193,0,0,23,0,26,32,0,38,0,0,2,0,0,32,0,11,0,13,110915,0,0,7,0,0,0,0,0,110
0,3,0,0,3,194,0,0,24,0,63,32,0,38,0,0,2,0,0,32,0,9,0,60,111433,0,0,5,0,0,0,0,0,20220
0,6,0,0,6,195,0,0,1,0,86,32,0,38,0,0,0,0,0,32,0,2,0,86,111657,0,0,6,0,0,0,0,0,12222
0,7,0,0,7,196,0,0,11,0,53,31,0,38,0,0,1,0,0,32,0,3,0,66,111811,0,0,3,0,0,0,0,0,22201
0,8,0,0,8,197,0,0,25,0,36,32,0,38,0,0,1,0,0,32,0,7,0,40,112124,0,0,8,0,0,0,0,0,21101
0,3,0,0,3,198,0,0,26,0,40,32,0,38,0,0,2,0,0,32,0,12,0,13,112493,0,0,3,0,0,0,0,0,1010
0,3,0,0,5,199,0,0,6,0,13,32,0,38,0,0,1,0,0,32,0,16,0,13,112494,0,0,7,0,0,0,0,0,10001
0,3,0,0,3,200,0,0,27,0,46,32,0,38,0,0,0,0,0,32,0,14,0,53,113147,0,0,3,0,0,0,0,0,11202
0,4,0,0,4,201,0,0,18,0,30,32,0,38,0,0,1,0,0,32,0,19,0,33,113974,0,0,4,0,0,0,0,0,2011
0,0,0,0,0,202,0,0,16,0,46,39,0,15,0,0,0,0,0,39,0,10,0,26,687,0,0,0,0,0,0,0,0,12
0,0,0,0,0,203,0,0,28,0,36,39,0,15,0,0,1,0,0,39,0,9,0,40,688,0,0,0,0,0,0,0,0,21011
0,0,0,0,0,204,0,0,6,0,50,39,0,15,0,0,0,0,0,39,0,5,0,66,689,0,0,0,0,0,0,0,0,2212
0,0,0,0,0,205,0,0,20,0,73,39,0,14,0,0,2,0,0,39,0,4,0,60,691,0,0,0,0,0,0,0,0,22020
0,0,0,0,0,206,0,0,24,0,73,39,0,14,0,0,0,0,0,39,0,3,0,60,693,0,0,0,0,0,0,0,0,222
0,0,0,0,0,207,0,0,18,0,23,39,0,15,0,0,2,0,0,39,0,11,0,20,694,0,0,0,0,0,0,0,0,200
0,0,0,0,0,208,0,0,7,0,56,39,0,15,0,0,0,0,0,39,0,4,0,80,695,0,0,0,0,0,0,0,0,22022
0,0,0,0,0,209,0,0,22,0,23,39,0,14,0,0,2,0,0,39,0,15,0,46,696,0,0,0,0,0,0,0,0,10220
0,0,0,0,0,210,0,0,8,0,50,39,0,15,0,0,1,0,0,39,0,9,0,53,697,0,0,0,0,0,0,0,0,12021
0,0,0,0,0,211,0,0,25,0,53,39,0,14,0,0,1,0,0,39,0,7,0,66,698,0,0,0,0,0,0,0,0,22021
0,0,0,0,0,212,0,0,17,0,66,39,0,14,0,0,0,0,0,39,0,1,0,53,101112,0,0,0,0,0,0,0,0,11202
0,0,0,0,0,213,0,0,14,0,56,39,0,14,0,0,1,0,0,39,0,3,0,66,111065,0,0,0,0,0,0,0,0,20221
0,0,0,0,0,214,0,0,11,0,56,39,0,15,0,0,1,0,0,39,0,8,0,33,111138,0,0,0,0,0,0,0,0,21001
0,0,0,0,0,215,0,0,3,0,36,39,0,14,0,0,1,0,0,39,0,11,0,33,111139,0,0,0,0,0,0,0,0,2101
0,0,0,0,0,216,0,0,15,0,36,39,0,14,0,0,2,0,0,39,0,13,0,26,111140,0,0,0,0,0,0,0,0,2100
0,0,0,0,0,217,0,0,21,0,60,39,0,13,0,0,2,0,0,39,0,6,0,33,111144,0,0,0,0,0,0,0,0,11200
0,0,0,0,0,218,0,0,27,0,33,39,0,14,0,0,2,0,0,39,0,13,0,6,111651,0,0,0,0,0,0,0,0,1000
0,0,0,0,0,219,0,0,26,0,66,39,0,15,0,0,0,0,0,39,0,2,0,33,111928,0,0,0,0,0,0,0,0,11002
0,0,0,0,0,220,0,0,2,0,23,39,0,15,0,0,2,0,0,39,0,15,0,13,112134,0,0,0,0,0,0,0,0,10010
0,0,0,0,0,221,0,0,13,0,36,39,0,15,0,0,2,0,0,39,0,12,0,46,112606,0,0,0,0,0,0,0,0,20210
0,0,0,0,0,222,0,0,5,0,30,39,0,15,0,0,2,0,0,39,0,8,0,46,112828,0,0,0,0,0,0,0,0,2210
0,0,0,0,0,223,0,0,23,0,26,39,0,14,0,0,2,0,0,39,0,14,0,46,112885,0,0,0,0,0,0,0,0,22010
0,0,0,0,0,224,0,0,12,0,70,39,0,15,0,0,0,0,0,39,0,2,0,80,112893,0,0,0,0,0,0,0,0,2222
0,0,0,0,0,225,0,0,1,0,36,39,0,15,0,0,0,0,0,39,0,5,0,26,112996,0,0,0,0,0,0,0,1,10002
0,0,0,0,0,226,0,0,29,0,50,39,0,14,0,0,0,0,0,39,0,12,0,66,113018,0,0,0,0,0,0,0,0,2212
0,0,0,0,0,227,0,0,10,0,46,39,0,15,0,0,0,0,0,39,0,7,0,53,113149,0,0,0,0,0,0,0,0,21012
0,0,0,0,0,228,0,0,4,0,30,39,0,15,0,0,2,0,0,39,0,14,0,26,114161,0,0,0,0,0,0,0,0,21000
0,0,0,0,0,229,0,1,9,0,76,39,0,14,0,0,0,0,0,39,0,1,0,73,114162,0,0,0,0,0,0,0,0,11222
0,0,0,0,0,230,0,0,19,0,43,39,0,15,0,0,0,0,0,39,0,6,0,46,114640,0,0,0,0,0,0,0,0,1022
0,0,0,0,0,231,0,0,30,0,20,39,0,15,0,0,2,0,0,39,0,10,0,40,131439,0,0,0,0,0,0,0,0,11210
0,0,0,0,0,232,0,0,3,0,0,41,0,0,0,0,0,0,0,41,0,7,0,0,298,0,0,0,0,0,0,0,0,0
0,0,0,0,0,233,0,0,11,0,0,41,0,0,0,0,0,0,0,41,0,1,0,0,300,0,0,0,0,0,0,0,0,0
0,0,0,0,0,234,0,0,1,0,0,41,0,0,0,0,2,0,0,41,0,10,0,0,417,0,0,0,0,0,0,0,1,0
0,0,0,0,0,235,0,0,7,0,0,41,0,0,0,0,0,0,0,41,0,3,0,0,418,0,0,0,0,0,0,0,0,0
0,0,0,0,0,236,0,0,2,0,0,41,0,0,0,0,0,0,0,41,0,2,0,0,918,0,0,0,0,0,0,0,0,0
0,0,0,0,0,237,0,0,15,0,0,41,0,0,0,0,0,0,0,41,0,4,0,0,919,0,0,0,0,0,0,0,0,0
0,0,0,0,0,238,0,0,6,0,0,41,0,0,0,0,2,0,0,41,0,6,0,0,920,0,0,0,0,0,0,0,0,0
0,0,0,0,0,239,0,0,12,0,0,41,0,0,0,0,2,0,0,41,0,15,0,0,922,0,0,0,0,0,0,0,0,0
0,0,0,0,0,240,0,0,10,0,0,41,0,0,0,0,2,0,0,41,0,16,0,0,1463,0,0,0,0,0,0,0,0,0
0,0,0,0,0,241,0,0,16,0,0,41,0,0,0,0,0,0,0,41,0,14,0,0,1523,0,0,0,0,0,0,0,0,0
0,0,0,0,0,242,0,0,13,0,0,41,0,0,0,0,2,0,0,41,0,11,0,0,1756,0,0,0,0,0,0,0,0,0
0,0,0,0,0,243,0,0,14,0,0,41,0,0,0,0,0,0,0,41,0,5,0,0,1757,0,0,0,0,0,0,0,0,0
0,0,0,0,0,244,0,0,17,0,0,41,0,0,0,0,2,0,0,41,0,8,0,0,2041,0,0,0,0,0,0,0,0,0
0,0,0,0,0,245,0,0,8,0,0,41,0,0,0,0,0,0,0,41,0,9,0,0,112199,0,0,0,0,0,0,0,0,0
0,0,0,0,0,246,0,0,6,0,0,41,0,0,0,0,2,0,0,41,0,13,0,0,113459,0,0,0,0,0,0,0,0,0
0,0,0,0,0,247,0,0,18,0,0,41,0,0,0,0,2,0,0,41,0,12,0,0,131491,0,0,0,0,0,0,0,0,0
0,0,0,0,0,248,0,0,3,0,0,50,0,0,0,0,0,0,0,50,0,8,0,0,77,0,0,3,0,0,0,0,0,0
0,0,0,0,0,249,0,0,1,0,0,50,0,0,0,0,0,0,0,50,0,3,0,0,78,0,0,10,0,0,0,0,1,0
0,0,0,0,0,250,0,0,13,0,0,50,0,0,0,0,2,0,0,50,0,6,0,0,79,0,0,8,0,0,0,0,0,0
0,0,0,0,0,251,0,0,4,0,0,50,0,0,0,0,0,0,0,50,0,1,0,0,80,0,0,0,0,0,0,0,0,0
0,0,0,0,0,252,0,0,5,0,0,50,0,0,0,0,2,0,0,50,0,5,0,0,81,0,0,8,0,0,0,0,0,0
0,0,0,0,0,253,0,0,10,0,0,50,0,0,0,0,1,0,0,50,0,11,0,0,82,0,0,5,0,0,0,0,0,0
0,0,0,0,0,254,0,0,7,0,0,50,0,0,0,0,2,0,0,50,0,4,0,0,83,0,0,10,0,0,0,0,0,0
0,0,0,0,0,255,0,0,2,0,0,50,0,0,0,0,0,0,0,50,0,2,0,0,86,0,0,10,0,0,0,0,0,0
0,0,0,0,0,256,0,0,12,0,0,50,0,0,0,0,1,0,0,50,0,9,0,0,180,0,0,3,0,0,0,0,0,0
0,0,0,0,0,257,0,0,4,0,0,50,0,0,0,0,0,0,0,50,0,7,0,0,181,0,0,3,0,0,0,0,0,0
0,0,0,0,0,258,0,0,8,0,0,50,0,0,0,0,2,0,0,50,0,12,0,0,621,0,0,5,0,0,0,0,0,0
0,0,0,0,0,259,0,0,6,0,0,50,0,0,0,0,2,0,0,50,0,10,0,0,100805,0,0,5,0,0,0,0,0,0
0,1,0,0,1,260,0,0,3,0,40,53,0,38,0,0,2,0,0,53,0,4,0,60,240,0,0,1,0,0,0,0,0,20220
0,0,0,0,0,261,0,1,1,0,80,53,0,38,0,0,2,0,0,53,0,1,0,60,241,0,0,0,0,0,0,0,1,22020
0,1,0,0,1,262,0,0,2,0,66,53,0,38,0,0,0,0,0,53,0,2,0,80,243,0,0,1,0,0,0,0,0,20222
0,3,0,0,3,263,0,0,8,0,33,53,0,38,0,0,2,0,0,53,0,12,0,26,448,0,0,3,0,0,0,0,0,20010
0,2,0,0,2,264,0,0,6,0,53,53,0,38,0,0,0,0,0,53,0,5,0,66,449,0,0,2,0,0,0,0,0,21202
0,2,0,0,2,265,0,0,13,0,43,53,0,38,0,0,0,0,0,53,0,6,0,66,450,0,0,3,0,0,0,0,0,22012
0,3,0,0,3,266,0,0,19,0,30,53,0,38,0,0,1,0,0,53,0,11,0,46,452,0,0,2,0,0,0,0,0,221
0,5,0,0,4,267,0,0,9,0,46,53,0,38,0,0,0,0,0,53,0,18,0,46,453,0,0,5,0,0,0,0,0,21002
0,3,0,0,3,268,0,0,4,0,26,53,0,38,0,0,1,0,0,53,0,10,0,20,457,0,0,3,0,0,0,0,0,1101
0,3,0,0,3,269,0,0,16,0,56,53,0,38,0,0,0,0,0,53,0,9,0,66,461,0,0,5,0,0,0,0,0,2122
0,3,0,0,3,270,0,0,4,0,50,54,0,38,0,0,2,0,0,53,0,14,0,46,463,0,0,3,0,0,0,0,0,1220
0,3,0,0,5,271,0,0,20,0,56,53,0,38,0,0,1,0,0,53,0,15,0,33,468,0,0,3,0,0,0,0,0,1021
0,5,0,0,5,272,0,0,7,0,26,53,0,38,0,0,2,0,0,53,0,17,0,0,479,0,0,5,0,0,0,0,0,0
0,3,0,0,3,273,0,0,11,0,60,53,0,38,0,0,0,0,0,53,0,8,0,73,480,0,0,3,0,0,0,0,0,21122
0,3,0,0,3,274,0,0,12,0,40,53,0,38,0,0,2,0,0,53,0,13,0,60,481,0,0,3,0,0,0,0,0,22200
0,1,0,0,1,275,0,0,5,0,56,53,0,38,0,0,0,0,0,53,0,3,0,46,483,0,0,1,0,0,0,0,0,21002
0,5,0,0,5,276,0,0,3,0,63,54,0,38,0,0,2,0,0,53,0,16,0,60,1853,0,0,4,0,0,0,0,0,2220
0,3,0,0,3,277,0,0,15,0,53,53,0,38,0,0,0,0,0,53,0,7,0,46,1860,0,0,3,0,0,0,0,0,1202
0,4,0,0,4,278,0,0,10,0,23,53,0,38,0,0,1,0,0,53,0,19,0,20,110062,0,0,4,0,0,0,0,0,1101
0,4,0,0,4,279,0,0,8,0,26,54,0,38,0,0,2,0,0,53,0,20,0,6,110827,0,0,4,0,0,0,0,0,1000
0,6,0,0,6,280,0,0,19,0,70,53,0,42,0,0,2,0,0,54,0,2,0,80,242,0,0,7,0,0,0,0,0,22220
0,5,0,0,5,281,0,0,13,0,10,54,0,42,0,0,2,0,0,54,0,22,0,6,244,0,0,5,0,0,0,0,0,10
0,6,0,0,6,282,0,0,11,0,76,54,0,42,0,0,0,0,0,54,0,1,0,86,456,0,0,6,0,0,0,0,0,22212
0,3,0,0,3,283,0,0,17,0,50,54,0,42,0,0,0,0,0,54,0,10,0,60,459,0,0,3,0,0,0,0,0,222
0,5,0,0,5,284,0,0,18,0,33,53,0,42,0,0,2,0,0,54,0,17,0,20,462,0,0,3,0,0,0,0,0,2000
0,8,0,0,8,285,0,0,5,0,63,54,0,42,0,0,2,0,0,54,0,8,0,40,467,0,0,5,0,0,0,0,0,2020
0,7,0,0,7,286,0,0,2,0,73,54,0,42,0,0,0,0,0,54,0,5,0,66,472,0,0,7,0,0,0,0,0,20212
0,7,0,0,7,287,0,0,18,0,60,54,0,42,0,0,0,0,0,54,0,4,0,86,573,0,0,7,0,0,0,0,0,22212
0,3,0,0,3,288,0,0,6,0,53,54,0,42,0,0,2,0,0,54,0,12,0,80,1854,0,0,3,0,0,0,0,0,22220
0,7,0,0,7,289,0,0,17,0,53,53,0,42,0,0,0,0,0,54,0,3,0,46,1861,0,0,7,0,0,0,0,0,21002
0,3,0,0,3,290,0,0,20,0,63,54,0,42,0,0,1,0,0,54,0,9,0,46,1867,0,0,3,0,0,0,0,0,22001
0,3,0,0,3,291,0,0,21,0,46,54,0,42,0,0,0,0,0,54,0,11,0,66,1894,0,0,3,0,0,0,0,0,21022
0,5,0,0,5,292,0,0,14,0,16,53,0,42,0,0,2,0,0,54,0,18,0,33,1968,0,0,8,0,0,0,0,0,10120
0,7,0,0,8,293,0,0,12,0,63,54,0,42,0,0,0,0,0,54,0,7,0,73,10846,0,0,8,0,0,0,0,0,11222
0,5,0,0,5,294,0,0,22,0,30,54,0,42,0,0,1,0,0,54,0,21,0,33,15012,0,0,5,0,0,0,0,0,10201
0,7,0,0,7,295,0,0,23,0,70,54,0,42,0,0,0,0,0,54,0,6,0,53,100852,0,0,6,0,0,0,0,0,1122
0,5,0,0,5,296,0,0,14,0,26,54,0,42,0,0,0,0,0,54,0,16,0,26,100888,0,0,3,0,0,0,0,0,102
0,5,0,0,5,297,0,0,16,0,40,54,0,42,0,0,2,0,0,54,0,19,0,26,110069,0,0,5,0,0,0,0,0,120
0,3,0,0,3,298,0,0,24,0,23,54,0,42,0,0,1,0,0,54,0,15,0,40,110711,0,0,5,0,0,0,0,0,12101
0,3,0,0,3,299,0,0,1,0,20,54,0,42,0,0,2,0,0,54,0,14,0,20,110832,0,0,5,0,0,0,0,1,20000
0,5,0,0,5,300,0,0,15,0,23,54,0,42,0,0,1,0,0,54,0,20,0,13,110839,0,0,5,0,0,0,0,0,101
0,3,0,0,3,301,0,0,7,0,53,54,0,42,0,0,2,0,0,54,0,13,0,20,114554,0,0,3,0,0,0,0,0,2000
0,0,0,0,0,302,0,0,13,0,0,56,0,0,0,0,0,0,0,56,0,4,0,0,319,0,0,0,0,0,0,0,0,0
0,0,0,0,0,303,0,0,1,0,0,56,0,0,0,0,0,0,0,56,0,6,0,0,320,0,0,0,0,0,0,0,1,0
0,0,0,0,0,304,0,0,12,0,0,56,0,0,0,0,0,0,0,56,0,11,0,0,321,0,0,0,0,0,0,0,0,0
0,0,0,0,0,305,0,0,3,0,0,56,0,0,0,0,2,0,0,56,0,7,0,0,433,0,0,0,0,0,0,0,0,0
0,0,0,0,0,306,0,0,7,0,0,56,0,0,0,0,2,0,0,56,0,8,0,0,700,0,0,0,0,0,0,0,0,0
0,0,0,0,0,307,0,0,11,0,0,56,0,0,0,0,2,0,0,56,0,14,0,0,702,0,0,0,0,0,0,0,0,0
0,0,0,0,0,308,0,0,2,0,0,56,0,0,0,0,0,0,0,56,0,2,0,0,708,0,0,0,0,0,0,0,0,0
0,0,0,0,0,309,0,0,4,0,0,56,0,0,0,0,0,0,0,56,0,5,0,0,710,0,0,0,0,0,0,0,0,0
0,0,0,0,0,310,0,0,8,0,0,56,0,0,0,0,2,0,0,56,0,10,0,0,711,0,0,0,0,0,0,0,0,0
0,0,0,0,0,311,0,0,15,0,0,56,0,0,0,0,2,0,0,56,0,15,0,0,1870,0,0,0,0,0,0,0,0,0
0,0,0,0,0,312,0,0,6,0,0,56,0,0,0,0,2,0,0,56,0,3,0,0,111594,0,0,0,0,0,0,0,0,0
0,0,0,0,0,313,0,0,10,0,0,56,0,0,0,0,2,0,0,56,0,12,0,0,111705,0,0,0,0,0,0,0,0,0
0,0,0,0,0,314,0,0,5,0,0,56,0,0,0,0,0,0,0,56,0,1,0,0,112072,0,0,0,0,0,0,0,0,0
0,0,0,0,0,315,0,0,14,0,0,56,0,0,0,0,2,0,0,56,0,16,0,0,112126,0,0,0,0,0,0,0,0,0
0,0,0,0,0,316,0,0,9,0,0,56,0,0,0,0,0,0,0,56,0,9,0,0,113458,0,0,0,0,0,0,0,0,0
0,0,0,0,0,317,0,0,16,0,0,56,0,0,0,0,0,0,0,56,0,13,0,0,113892,0,0,0,0,0,0,0,0,0
0,0,0,0,0,318,0,0,5,0,0,60,0,0,0,0,2,0,0,60,0,5,0,0,4,0,0,7,0,0,0,0,0,0
0,0,0,0,0,319,0,0,5,0,0,61,0,0,0,0,0,0,0,60,0,14,0,0,142,0,0,4,0,0,0,0,1,0
0,0,0,0,0,320,0,0,14,0,0,60,0,0,0,0,2,0,0,60,0,21,0,0,143,0,0,3,0,0,0,0,0,0
0,0,0,0,0,321,0,0,11,0,0,60,0,0,0,0,0,0,0,60,0,1,0,0,149,0,0,6,0,0,0,0,0,0
0,0,0,0,0,322,0,0,2,0,0,60,0,0,0,0,0,0,0,60,0,6,0,0,361,0,0,8,0,0,0,0,0,0
0,0,0,0,0,323,0,0,22,0,0,60,0,0,0,0,2,0,0,60,0,12,0,0,1793,0,0,3,0,0,0,0,0,0
0,0,0,0,0,324,0,0,19,0,0,60,0,0,0,0,2,0,0,60,0,23,0,0,1797,0,0,5,0,0,0,0,0,0
0,0,0,0,0,325,0,0,9,0,0,61,0,0,0,0,0,0,0,60,0,4,0,0,1804,0,0,7,0,0,0,0,0,0
0,0,0,0,0,326,0,0,24,0,0,60,0,0,0,0,2,0,0,60,0,16,0,0,1917,0,0,5,0,0,0,0,0,0
0,0,0,0,0,327,0,0,3,0,0,14,0,0,0,0,0,0,0,60,0,7,0,0,1923,0,0,8,0,0,0,0,0,0
0,0,0,0,0,328,0,0,23,0,0,60,0,0,0,0,0,0,0,60,0,13,0,0,1926,0,0,3,0,0,0,0,0,0
0,0,0,0,0,329,0,0,23,0,0,61,0,0,0,0,2,0,0,60,0,22,0,0,1928,0,0,4,0,0,0,0,0,0
0,0,0,0,0,330,0,0,1,0,0,14,0,0,0,0,0,0,0,60,0,8,0,0,1929,0,0,3,0,0,0,0,0,0
0,0,0,0,0,331,0,0,3,0,0,60,0,0,0,0,2,0,0,60,0,24,0,0,1930,0,0,4,0,0,0,0,0,0
0,0,0,0,0,332,0,0,4,0,0,60,0,0,0,0,0,0,0,60,0,3,0,0,1931,0,0,7,0,0,0,0,0,0
0,0,0,0,0,333,0,0,4,0,0,60,0,0,0,0,2,0,0,60,0,15,0,0,1932,0,0,3,0,0,0,0,0,0
0,0,0,0,0,334,0,0,9,0,0,60,0,0,0,0,0,0,0,60,0,11,0,0,1933,0,0,3,0,0,0,0,0,0
0,0,0,0,0,335,0,0,6,0,0,60,0,0,0,0,2,0,0,60,0,18,0,0,1938,0,0,3,0,0,0,0,0,0
0,0,0,0,0,336,0,0,18,0,0,60,0,0,0,0,0,0,0,60,0,9,0,0,1939,0,0,7,0,0,0,0,0,0
0,0,0,0,0,337,0,0,8,0,0,60,0,0,0,0,0,0,0,60,0,10,0,0,1940,0,0,3,0,0,0,0,0,0
0,0,0,0,0,338,0,0,1,0,0,60,0,0,0,0,1,0,0,60,0,20,0,0,1958,0,0,5,0,0,0,0,0,0
0,0,0,0,0,339,0,0,21,0,0,14,0,0,0,0,2,0,0,60,0,2,0,0,1961,0,0,6,0,0,0,0,0,0
0,0,0,0,0,340,0,0,15,0,0,60,0,0,0,0,1,0,0,60,0,17,0,0,15015,0,0,4,0,0,0,0,0,0
0,0,0,0,0,341,0,0,10,0,0,61,0,0,0,0,2,0,0,60,0,19,0,0,112259,0,0,5,0,0,0,0,0,0
0,0,0,0,0,342,0,0,21,0,0,61,0,0,0,0,1,0,0,61,0,7,0,0,92,0,0,8,0,0,0,0,0,0
0,0,0,0,0,343,0,0,6,0,0,61,0,0,0,0,1,0,0,61,0,11,0,0,121,0,0,3,0,0,0,0,0,0
0,0,0,0,0,344,0,0,12,0,0,60,0,0,0,0,2,0,0,61,0,19,0,0,127,0,0,5,0,0,0,0,0,0
0,0,0,0,0,345,0,0,25,0,0,61,0,0,0,0,0,0,0,61,0,8,0,0,135,0,0,3,0,0,0,0,0,0
0,0,0,0,0,346,0,0,8,0,0,61,0,0,0,0,2,0,0,61,0,24,0,0,381,0,0,5,0,0,0,0,0,0
0,0,0,0,0,347,0,0,4,0,0,61,0,0,0,0,1,0,0,61,0,2,0,0,1798,0,0,7,0,0,0,0,0,0
0,0,0,0,0,348,0,0,12,0,0,61,0,0,0,0,0,0,0,61,0,17,0,0,1802,0,0,3,0,0,0,0,0,0
0,0,0,0,0,349,0,0,11,0,0,61,0,0,0,0,2,0,0,61,0,13,0,0,1803,0,0,7,0,0,0,0,0,0
0,0,0,0,0,350,0,0,26,0,0,61,0,0,0,0,0,0,0,61,0,10,0,0,1920,0,0,3,0,0,0,0,0,0
0,0,0,0,0,351,0,0,24,0,0,61,0,0,0,0,0,0,0,61,0,6,0,0,1924,0,0,8,0,0,0,0,0,0
0,0,0,0,0,352,0,0,19,0,0,61,0,0,0,0,2,0,0,61,0,9,0,0,1934,0,0,7,0,0,0,0,0,0
0,0,0,0,0,353,0,0,22,0,0,61,0,0,0,0,0,0,0,61,0,12,0,0,1935,0,0,3,0,0,0,0,0,0
0,0,0,0,0,354,0,0,21,0,0,61,0,0,0,0,2,0,0,61,0,18,0,0,1936,0,0,5,0,0,0,0,0,0
0,0,0,0,0,355,0,0,14,0,0,61,0,0,0,0,1,0,0,61,0,5,0,0,1937,0,0,7,0,0,0,0,0,0
0,0,0,0,0,356,0,0,20,0,0,60,0,0,0,0,1,0,0,61,0,3,0,0,1944,0,0,6,0,0,0,0,0,0
0,0,0,0,0,357,0,0,17,0,0,60,0,0,0,0,1,0,0,61,0,14,0,0,1962,0,0,5,0,0,0,0,0,0
0,0,0,0,0,358,0,0,16,0,0,61,0,0,0,0,1,0,0,61,0,21,0,0,15048,0,0,5,0,0,0,0,0,0
0,0,0,0,0,359,0,0,17,0,0,61,0,0,0,0,2,0,0,61,0,16,0,0,110313,0,0,3,0,0,0,0,0,0
0,0,0,0,0,360,0,0,22,0,0,60,0,0,0,0,1,0,0,61,0,22,0,0,110890,0,0,5,0,0,0,0,0,0
0,0,0,0,0,361,0,0,13,0,0,61,0,0,0,0,2,0,0,61,0,23,0,0,112222,0,0,5,0,0,0,0,0,0
0,0,0,0,0,362,0,0,18,0,0,61,0,0,0,0,0,0,0,61,0,20,0,0,112254,0,0,5,0,0,0,0,0,0
0,0,0,0,0,363,0,0,22,0,0,61,0,0,0,0,1,0,0,61,0,15,0,0,112260,0,0,3,0,0,0,0,0,0
0,0,0,0,0,364,0,0,23,0,0,61,0,0,0,0,0,0,0,61,0,1,0,0,112764,0,0,6,0,0,0,0,0,0
0,0,0,0,0,365,0,0,20,0,0,61,0,0,0,0,1,0,0,61,0,4,0,0,113926,0,0,6,0,0,0,0,0,0
0,0,0,0,0,366,0,0,6,0,0,65,0,0,0,0,0,0,0,65,0,4,0,0,305,0,0,0,0,0,0,0,0,0
0,0,0,0,0,367,0,0,1,0,0,65,0,0,0,0,2,0,0,65,0,1,0,0,306,0,0,0,0,0,0,0,1,0
0,0,0,0,0,368,0,0,10,0,0,65,0,0,0,0,2,0,0,65,0,10,0,0,422,0,0,0,0,0,0,0,0,0
0,0,0,0,0,369,0,0,4,0,0,65,0,0,0,0,1,0,0,65,0,5,0,0,423,0,0,0,0,0,0,0,0,0
0,0,0,0,0,370,0,0,2,0,0,65,0,0,0,0,0,0,0,65,0,2,0,0,445,0,0,0,0,0,0,0,0,0
0,0,0,0,0,371,0,0,5,0,0,65,0,0,0,0,0,0,0,65,0,7,0,0,563,0,0,0,0,0,0,0,0,0
0,0,0,0,0,372,0,0,6,0,0,65,0,0,0,0,1,0,0,65,0,9,0,0,753,0,0,0,0,0,0,0,0,0
0,0,0,0,0,373,0,0,7,0,0,65,0,0,0,0,1,0,0,65,0,3,0,0,834,0,0,0,0,0,0,0,0,0
0,0,0,0,0,374,0,0,11,0,0,65,0,0,0,0,1,0,0,65,0,8,0,0,1571,0,0,0,0,0,0,0,0,0
0,0,0,0,0,375,0,0,8,0,0,65,0,0,0,0,2,0,0,65,0,6,0,0,1572,0,0,0,0,0,0,0,0,0
0,0,0,0,0,376,0,0,12,0,0,66,0,0,0,0,0,0,0,66,0,14,0,0,301,0,0,4,0,0,0,0,0,0
0,0,0,0,0,377,0,0,6,0,0,66,0,0,0,0,0,0,0,66,0,2,0,0,420,0,0,10,0,0,0,0,0,0
0,0,0,0,0,378,0,0,3,0,0,66,0,0,0,0,1,0,0,66,0,1,0,0,873,0,0,3,0,0,0,0,1,0
0,0,0,0,0,379,0,0,6,0,0,66,0,0,0,0,1,0,0,66,0,8,0,0,1569,0,0,0,0,0,0,0,0,0
0,0,0,0,0,380,0,0,2,0,0,66,0,0,0,0,0,0,0,66,0,6,0,0,1871,0,0,4,0,0,0,0,0,0
0,0,0,0,0,381,0,0,15,0,0,66,0,0,0,0,1,0,0,66,0,5,0,0,110206,0,0,3,0,0,0,0,0,0
0,0,0,0,0,382,0,0,14,0,0,66,0,0,0,0,0,0,0,66,0,3,0,0,110745,0,0,10,0,0,0,0,0,0
0,0,0,0,0,383,0,0,4,0,0,66,0,0,0,0,1,0,0,66,0,9,0,0,110746,0,0,5,0,0,0,0,0,0
0,0,0,0,0,384,0,0,7,0,0,66,0,0,0,0,1,0,0,66,0,13,0,0,110747,0,0,8,0,0,0,0,0,0
0,0,0,0,0,385,0,0,9,0,0,66,0,0,0,0,2,0,0,66,0,7,0,0,110749,0,0,8,0,0,0,0,0,0
0,0,0,0,0,386,0,0,16,0,0,66,0,0,0,0,2,0,0,66,0,17,0,0,111082,0,0,5,0,0,0,0,0,0
0,0,0,0,0,387,0,0,13,0,0,66,0,0,0,0,1,0,0,66,0,11,0,0,111083,0,0,3,0,0,0,0,0,0
0,0,0,0,0,388,0,0,5,0,0,66,0,0,0,0,2,0,0,66,0,15,0,0,111086,0,0,5,0,0,0,0,0,0
0,0,0,0,0,389,0,0,10,0,0,66,0,0,0,0,2,0,0,66,0,10,0,0,111088,0,0,3,0,0,0,0,0,0
0,0,0,0,0,390,0,0,17,0,0,66,0,0,0,0,2,0,0,66,0,16,0,0,111091,0,0,3,0,0,0,0,0,0
0,0,0,0,0,391,0,0,18,0,0,66,0,0,0,0,2,0,0,66,0,12,0,0,111097,0,0,3,0,0,0,0,0,0
0,0,0,0,0,392,0,0,19,0,0,66,0,0,0,0,0,0,0,66,0,18,0,0,112510,0,0,4,0,0,0,0,0,0
0,0,0,0,0,393,0,0,1,0,0,66,0,0,0,0,0,0,0,66,0,4,0,0,114326,0,0,8,0,0,0,0,0,0
0,0,0,0,0,394,0,1,1,0,63,68,0,34,0,0,2,0,0,68,0,1,0,60,325,0,0,0,0,0,0,0,1,22020
0,0,0,0,9,395,0,1,2,0,66,68,0,34,0,0,1,0,0,68,0,2,0,53,326,0,0,9,0,0,0,0,0,10221
0,8,0,0,8,396,0,0,3,0,46,68,0,34,0,0,1,0,0,68,0,4,0,33,327,0,0,8,0,0,0,0,0,1201
0,9,0,0,9,397,0,0,6,0,60,68,0,34,0,0,2,0,0,68,0,3,0,33,436,0,0,9,0,0,0,0,0,10120
0,3,0,0,4,398,0,0,13,0,26,68,0,34,0,0,0,0,0,68,0,16,0,26,741,0,0,5,0,0,0,0,0,102
0,8,0,0,3,399,0,0,18,0,63,68,0,34,0,0,0,0,0,68,0,7,0,80,748,0,0,8,0,0,0,0,0,22202
0,8,0,0,8,400,0,0,5,0,60,68,0,34,0,0,0,0,0,68,0,5,0,66,101014,0,0,3,0,0,0,0,0,12022
0,3,0,0,4,401,0,0,9,0,33,68,0,34,0,0,0,0,0,68,0,17,0,46,101020,0,0,4,0,0,0,0,0,2102
0,3,0,0,5,402,0,0,20,0,33,68,0,34,0,0,0,0,0,68,0,14,0,60,101025,0,0,3,0,0,0,0,0,2022
0,8,0,0,8,403,0,0,2,0,43,68,0,34,0,0,2,0,0,68,0,6,0,53,101026,0,0,8,0,0,0,0,0,12120
0,3,0,0,3,404,0,0,21,0,23,68,0,34,0,0,2,0,0,68,0,10,0,13,101032,0,0,3,0,0,0,0,0,10100
0,3,0,0,3,405,0,0,8,0,56,68,0,34,0,0,2,0,0,68,0,9,0,40,101033,0,0,3,0,0,0,0,0,22000
0,3,0,0,3,406,0,0,19,0,46,68,0,34,0,0,1,0,0,68,0,8,0,33,101037,0,0,3,0,0,0,0,0,10201
0,3,0,0,3,407,0,0,16,0,26,68,0,34,0,0,2,0,0,68,0,12,0,20,110776,0,0,3,0,0,0,0,0,20000
0,3,0,0,4,408,0,0,7,0,56,68,0,34,0,0,0,0,0,68,0,18,0,66,111117,0,0,4,0,0,0,0,0,1222
0,3,0,0,3,409,0,0,10,0,50,68,0,34,0,0,0,0,0,68,0,13,0,46,111339,0,0,5,0,0,0,0,0,20102
0,3,0,0,3,410,0,0,14,0,36,68,0,34,0,0,2,0,0,68,0,11,0,26,113142,0,0,3,0,0,0,0,0,120
0,3,0,0,5,411,0,0,22,0,36,68,0,34,0,0,1,0,0,68,0,15,0,73,131174,0,0,4,0,0,0,0,0,22121
0,0,0,0,0,412,0,0,1,0,0,76,0,0,0,0,0,0,0,76,0,1,0,0,211,0,0,0,0,0,0,0,1,0
0,0,0,0,0,413,0,0,1,0,0,76,0,0,0,0,0,0,0,76,0,1,0,0,263,0,0,0,0,0,0,0,0,0
0,0,0,0,0,414,0,0,1,0,0,76,0,0,0,0,0,0,0,76,0,1,0,0,266,0,0,0,0,0,0,0,0,0
0,0,0,0,0,415,0,0,1,0,0,76,0,0,0,0,0,0,0,76,0,1,0,0,267,0,0,0,0,0,0,0,0,0
0,0,0,0,0,416,0,0,1,0,0,76,0,0,0,0,0,0,0,76,0,1,0,0,278,0,0,0,0,0,0,0,0,0
0,0,0,0,0,417,0,0,3,0,0,76,0,0,0,0,0,0,0,76,0,1,0,0,280,0,0,0,0,0,0,0,0,0
0,0,0,0,0,418,0,0,1,0,0,76,0,0,0,0,0,0,0,76,0,1,0,0,393,0,0,0,0,0,0,0,0,0
0,0,0,0,0,420,0,0,1,0,0,76,0,0,0,0,0,0,0,76,0,1,0,0,1874,0,0,0,0,0,0,0,1,0
0,0,0,0,0,421,0,0,1,0,0,76,0,0,0,0,0,0,0,76,0,1,0,0,1884,0,0,0,0,0,0,0,0,0
0,0,0,0,0,422,0,0,1,0,0,76,0,0,0,0,0,0,0,76,0,1,0,0,100135,0,0,0,0,0,0,0,0,0
0,0,0,0,0,423,0,0,1,0,0,76,0,0,0,0,0,0,0,76,0,1,0,0,100325,0,0,0,0,0,0,0,1,0
0,0,0,0,0,424,0,0,1,0,0,76,0,0,0,0,0,0,0,76,0,1,0,0,101047,0,0,0,0,0,0,0,0,0
0,0,0,0,0,425,0,0,1,0,0,76,0,0,0,0,0,0,0,76,0,1,0,0,101059,0,0,0,0,0,0,0,0,0
0,0,0,0,0,427,0,0,1,0,0,76,0,0,0,0,0,0,0,76,0,1,0,0,110468,0,0,0,0,0,0,0,1,0
0,0,0,0,0,429,0,0,1,0,0,76,0,0,0,0,0,0,0,76,0,1,0,0,111701,0,0,0,0,0,0,0,1,0
0,0,0,0,0,430,0,0,4,0,0,76,0,0,0,0,0,0,0,76,0,1,0,0,112638,0,0,0,0,0,0,0,0,0
0,0,0,0,0,431,0,0,5,0,0,76,0,0,0,0,0,0,0,76,0,1,0,0,113888,0,0,0,0,0,0,0,0,0
0,0,0,0,0,432,0,0,2,0,0,78,0,0,0,0,0,0,587,78,0,56,0,0,974,0,0,0,0,0,0,0,0,0
0,0,0,0,0,433,0,0,2,0,0,78,0,0,0,0,0,0,1812,78,0,4,0,0,1318,0,0,0,0,0,0,0,0,0
0,0,0,0,0,434,0,0,2,0,0,78,0,0,0,0,0,0,1502,78,0,33,0,0,1322,0,0,0,0,0,0,0,0,0
0,0,0,0,0,435,0,0,2,0,0,78,0,0,0,0,0,0,1821,78,0,2,0,0,1325,0,0,0,0,0,0,0,0,0
0,0,0,0,0,436,0,0,2,0,0,78,0,0,0,0,0,0,1701,78,0,12,0,0,1328,0,0,0,0,0,0,0,0,0
0,0,0,0,0,437,0,0,2,0,0,78,0,0,0,0,0,0,1473,78,0,47,0,0,1330,0,0,0,0,0,0,0,0,0
0,0,0,0,0,438,0,0,2,0,0,78,0,0,0,0,0,0,1591,78,0,21,0,0,1331,0,0,0,0,0,0,0,0,0
0,0,0,0,0,439,0,0,2,0,0,78,0,0,0,0,0,0,1393,78,0,63,0,0,1334,0,0,0,0,0,0,0,0,0
0,0,0,0,0,440,0,0,2,0,0,78,0,0,0,0,0,0,1854,78,0,2,0,0,1335,0,0,0,0,0,0,0,0,0
0,0,0,0,0,441,0,0,2,0,0,78,0,0,0,0,0,0,1686,78,0,13,0,0,1337,0,0,0,0,0,0,0,0,0
0,0,0,0,0,442,0,0,2,0,0,78,0,0,0,0,0,0,1353,78,0,71,0,0,1341,0,0,0,0,0,0,0,0,0
0,0,0,0,0,443,0,0,2,0,0,78,0,0,0,0,0,0,1714,78,0,10,0,0,1343,0,0,0,0,0,0,0,0,0
0,0,0,0,0,444,0,0,2,0,0,78,0,0,0,0,0,0,1466,78,0,50,0,0,1352,0,0,0,0,0,0,0,0,0
0,0,0,0,0,445,0,0,2,0,0,78,0,0,0,0,0,0,1523,78,0,28,0,0,1353,0,0,0,0,0,0,0,0,0
0,0,0,0,0,446,0,0,2,0,0,78,0,0,0,0,0,0,1741,78,0,8,0,0,1354,0,0,0,0,0,0,0,0,0
0,0,0,0,0,447,0,0,2,0,0,78,0,0,0,0,0,0,1403,78,0,58,0,0,1355,0,0,0,0,0,0,0,0,0
0,0,0,0,0,448,0,0,2,0,0,78,0,0,0,0,0,0,1474,78,0,45,0,0,1356,0,0,0,0,0,0,0,0,0
0,0,0,0,0,449,0,0,2,0,0,78,0,0,0,0,0,0,1472,78,0,48,0,0,1359,0,0,0,0,0,0,0,0,0
0,0,0,0,0,450,0,0,2,0,0,78,0,0,0,0,0,0,1835,78,0,3,0,0,1362,0,0,0,0,0,0,0,0,0
0,0,0,0,0,451,0,0,2,0,0,78,0,0,0,0,0,0,1522,78,0,29,0,0,1363,0,0,0,0,0,0,0,0,0
0,0,0,0,0,452,0,0,2,0,0,78,0,0,0,0,0,0,1598,78,0,12,0,0,1364,0,0,0,0,0,0,0,0,0
0,0,0,0,0,453,0,0,2,0,0,78,0,0,0,0,0,0,1456,78,0,29,0,0,1365,0,0,0,0,0,0,0,0,0
0,0,0,0,0,454,0,0,2,0,0,78,0,0,0,0,0,0,1567,78,0,25,0,0,1366,0,0,0,0,0,0,0,0,0
0,0,0,0,0,455,0,0,2,0,0,78,0,0,0,0,0,0,1521,78,0,30,0,0,1367,0,0,0,0,0,0,0,0,0
0,0,0,0,0,456,0,0,2,0,0,78,0,0,0,0,0,0,1901,78,0,1,0,0,1369,0,0,0,0,0,0,0,0,0
0,0,0,0,0,457,0,0,2,0,0,78,0,0,0,0,0,0,1837,78,0,1,0,0,1370,0,0,0,0,0,0,0,0,0
0,0,0,0,0,458,0,0,2,0,0,78,0,0,0,0,0,0,1477,78,0,41,0,0,1375,0,0,0,0,0,0,0,0,0
0,0,0,0,0,459,0,0,2,0,0,78,0,0,0,0,0,0,1632,78,0,5,0,0,1377,0,0,0,0,0,0,0,0,0
0,0,0,0,0,460,0,0,2,0,0,78,0,0,0,0,0,0,1635,78,0,17,0,0,1386,0,0,0,0,0,0,0,0,0
0,0,0,0,0,461,0,0,2,0,0,78,0,0,0,0,0,0,1641,78,0,16,0,0,1387,0,0,0,0,0,0,0,0,0
0,0,0,0,0,462,0,0,2,0,0,78,0,0,0,0,0,0,0,78,0,1,0,0,1391,0,0,0,0,0,0,0,0,0
0,0,0,0,0,463,0,0,2,0,0,78,0,0,0,0,0,0,0,78,0,1,0,0,1411,0,0,0,0,0,0,0,0,0
0,0,0,0,0,464,0,0,2,0,0,78,0,0,0,0,0,0,1483,78,0,39,0,0,1415,0,0,0,0,0,0,0,0,0
0,0,0,0,0,465,0,0,2,0,0,78,0,0,0,0,0,0,0,78,0,1,0,0,1667,0,0,0,0,0,0,0,0,0
0,0,0,0,0,466,0,0,2,0,0,78,0,0,0,0,0,0,1518,78,0,31,0,0,1886,0,0,0,0,0,0,0,0,0
0,0,0,0,0,467,0,0,2,0,0,78,0,0,0,0,0,0,0,78,0,3,0,0,105013,0,0,0,0,0,0,0,0,0
0,0,0,0,0,468,0,0,2,0,0,78,0,0,0,0,0,0,1758,78,0,7,0,0,105035,0,0,0,0,0,0,0,0,0
0,0,0,0,0,469,0,0,2,0,0,78,0,0,0,0,0,0,1341,78,0,74,0,0,110081,0,0,0,0,0,0,0,0,0
0,0,0,0,0,470,0,0,2,0,0,78,0,0,0,0,0,0,1325,78,0,71,0,0,111099,0,0,0,0,0,0,0,0,0
0,0,0,0,0,471,0,0,2,0,0,78,0,0,0,0,0,0,1567,78,0,10,0,0,111109,0,0,0,0,0,0,0,0,0
0,0,0,0,0,472,0,0,2,0,0,78,0,0,0,0,0,0,1669,78,0,14,0,0,111111,0,0,0,0,0,0,0,0,0
0,0,0,0,0,473,0,0,2,0,0,78,0,0,0,0,0,0,1351,78,0,61,0,0,111112,0,0,0,0,0,0,0,0,0
0,0,0,0,0,474,0,0,2,0,0,78,0,0,0,0,0,0,0,78,0,1,0,0,111114,0,0,0,0,0,0,0,0,0
0,0,0,0,0,475,0,0,2,0,0,78,0,0,0,0,0,0,0,78,0,1,0,0,111115,0,0,0,0,0,0,0,0,0
0,0,0,0,0,476,0,0,2,0,0,78,0,0,0,0,0,0,1364,78,0,51,0,0,111130,0,0,0,0,0,0,0,0,0
0,0,0,0,0,477,0,0,2,0,0,78,0,0,0,0,0,0,0,78,0,1,0,0,111448,0,0,0,0,0,0,0,0,0
0,0,0,0,0,478,0,0,2,0,0,78,0,0,0,0,0,0,1473,78,0,43,0,0,111455,0,0,0,0,0,0,0,0,0
0,0,0,0,0,479,0,0,2,0,0,78,0,0,0,0,0,0,0,78,0,1,0,0,111456,0,0,0,0,0,0,0,0,0
0,0,0,0,0,480,0,0,2,0,0,78,0,0,0,0,0,0,1381,78,0,64,0,0,111462,0,0,0,0,0,0,0,0,0
0,0,0,0,0,481,0,0,2,0,0,78,0,0,0,0,0,0,1378,78,0,63,0,0,111465,0,0,0,0,0,0,0,0,0
0,0,0,0,0,482,0,0,2,0,0,78,0,0,0,0,0,0,1245,78,0,94,0,0,111473,0,0,0,0,0,0,0,0,0
0,0,0,0,0,483,0,0,2,0,0,78,0,0,0,0,0,0,0,78,0,1,0,0,111475,0,0,0,0,0,0,0,0,0
0,0,0,0,0,484,0,0,2,0,0,78,0,0,0,0,0,0,0,78,0,1,0,0,111485,0,0,0,0,0,0,0,0,0
0,0,0,0,0,485,0,0,2,0,0,78,0,0,0,0,0,0,0,78,0,1,0,0,111510,0,0,0,0,0,0,0,0,0
0,0,0,0,0,486,0,0,2,0,0,78,0,0,0,0,0,0,0,78,0,1,0,0,111512,0,0,0,0,0,0,0,0,0
0,0,0,0,0,487,0,0,2,0,0,78,0,0,0,0,0,0,0,78,0,1,0,0,111513,0,0,0,0,0,0,0,0,0
0,0,0,0,0,488,0,0,2,0,0,78,0,0,0,0,0,0,1504,78,0,34,0,0,111527,0,0,0,0,0,0,0,0,0
0,0,0,0,0,489,0,0,2,0,0,78,0,0,0,0,0,0,0,78,0,1,0,0,111545,0,0,0,0,0,0,0,0,0
0,0,0,0,0,490,0,0,2,0,0,78,0,0,0,0,0,0,0,78,0,1,0,0,112048,0,0,0,0,0,0,0,0,0
0,0,0,0,0,491,0,0,2,0,0,78,0,0,0,0,0,0,0,78,0,1,0,0,112054,0,0,0,0,0,0,0,0,0
0,0,0,0,0,492,0,0,1,0,0,80,0,0,0,0,2,0,0,80,0,2,0,0,191,0,0,0,0,0,0,0,0,0
0,0,0,0,0,493,0,0,2,0,0,80,0,0,0,0,0,0,0,80,0,1,0,0,209,0,0,10,0,0,0,0,1,0
0,0,0,0,0,494,0,0,3,0,0,80,0,0,0,0,0,0,0,80,0,3,0,0,252,0,0,10,0,0,0,0,0,0
0,0,0,0,0,495,0,0,4,0,0,80,0,0,0,0,0,0,0,80,0,5,0,0,254,0,0,3,0,0,0,0,0,0
0,0,0,0,0,496,0,0,5,0,0,80,0,0,0,0,0,0,0,80,0,4,0,0,256,0,0,8,0,0,0,0,0,0
0,0,0,0,0,497,0,0,1,0,0,80,0,0,0,0,2,0,0,80,0,9,0,0,780,0,0,8,0,0,0,0,0,0
0,0,0,0,0,498,0,0,10,0,0,80,0,0,0,0,1,0,0,80,0,6,0,0,2017,0,0,10,0,0,0,0,0,0
0,0,0,0,0,499,0,0,11,0,0,80,0,0,0,0,2,0,0,80,0,8,0,0,15009,0,0,3,0,0,0,0,0,0
0,0,0,0,0,500,0,0,9,0,0,80,0,0,0,0,0,0,0,80,0,7,0,0,15040,0,0,5,0,0,0,0,0,0
0,0,0,0,0,501,0,0,12,0,0,80,0,0,0,0,1,0,0,80,0,12,0,0,110720,0,0,4,0,0,0,0,0,0
0,0,0,0,0,502,0,0,7,0,0,80,0,0,0,0,2,0,0,80,0,10,0,0,111822,0,0,3,0,0,0,0,0,0
0,0,0,0,0,503,0,0,13,0,0,80,0,0,0,0,2,0,0,80,0,11,0,0,113616,0,0,5,0,0,0,0,0,0
0,0,0,0,0,504,0,0,12,0,0,83,0,0,0,0,0,0,0,83,0,3,0,0,980,0,0,0,0,0,0,0,0,0
0,0,0,0,0,505,0,0,8,0,0,83,0,0,0,0,2,0,0,83,0,5,0,0,982,0,0,0,0,0,0,0,0,0
0,0,0,0,0,506,0,0,1,0,0,83,0,0,0,0,0,0,0,83,0,9,0,0,1473,0,0,0,0,0,0,0,1,0
0,0,0,0,0,507,0,0,3,0,0,83,0,0,0,0,0,0,0,83,0,4,0,0,1474,0,0,0,0,0,0,0,0,0
0,0,0,0,0,508,0,0,2,0,0,83,0,0,0,0,0,0,0,83,0,1,0,0,1477,0,0,0,0,0,0,0,0,0
0,0,0,0,0,509,0,0,5,0,0,83,0,0,0,0,2,0,0,83,0,11,0,0,1478,0,0,0,0,0,0,0,0,0
0,0,0,0,0,510,0,0,11,0,0,83,0,0,0,0,2,0,0,83,0,2,0,0,2055,0,0,0,0,0,0,0,0,0
0,0,0,0,0,511,0,0,9,0,0,83,0,0,0,0,1,0,0,83,0,12,0,0,2056,0,0,0,0,0,0,0,0,0
0,0,0,0,0,512,0,0,6,0,0,83,0,0,0,0,1,0,0,83,0,6,0,0,112115,0,0,0,0,0,0,0,0,0
0,0,0,0,0,513,0,0,11,0,0,83,0,0,0,0,2,0,0,83,0,8,0,0,112258,0,0,0,0,0,0,0,0,0
0,0,0,0,0,514,0,0,1,0,0,83,0,0,0,0,0,0,0,83,0,7,0,0,112555,0,0,0,0,0,0,0,0,0
0,0,0,0,0,515,0,0,7,0,0,83,0,0,0,0,2,0,0,83,0,10,0,0,112558,0,0,0,0,0,0,0,0,0
0,0,0,0,0,518,0,0,7,0,0,189,0,0,0,0,0,0,0,189,0,11,0,0,322,0,0,4,0,0,0,0,0,0
0,0,0,0,0,519,0,0,2,0,0,189,0,0,0,0,1,0,0,189,0,8,0,0,324,0,0,4,0,0,0,0,0,0
0,0,0,0,0,520,0,0,8,0,0,189,0,0,0,0,2,0,0,189,0,10,0,0,894,0,0,5,0,0,0,0,0,0
0,0,0,0,0,521,0,0,5,0,0,189,0,0,0,0,2,0,0,189,0,4,0,0,896,0,0,8,0,0,0,0,0,0
0,0,0,0,0,522,0,0,4,0,0,189,0,0,0,0,1,0,0,189,0,7,0,0,897,0,0,5,0,0,0,0,0,0
0,0,0,0,0,523,0,0,6,0,0,189,0,0,0,0,1,0,0,189,0,2,0,0,898,0,0,10,0,0,0,0,0,0
0,0,0,0,0,524,0,0,1,0,0,189,0,0,0,0,1,0,0,189,0,6,0,0,900,0,0,3,0,0,0,0,1,0
0,0,0,0,0,525,0,0,9,0,0,189,0,0,0,0,2,0,0,189,0,12,0,0,1713,0,0,4,0,0,0,0,0,0
0,0,0,0,0,526,0,0,12,0,0,189,0,0,0,0,0,0,0,189,0,1,0,0,1715,0,0,0,0,0,0,0,0,0
0,0,0,0,0,527,0,0,11,0,0,189,0,0,0,0,2,0,0,189,0,9,0,0,1862,0,0,3,0,0,0,0,0,0
0,0,0,0,0,528,0,0,3,0,0,189,0,0,0,0,0,0,0,189,0,3,0,0,10032,0,0,10,0,0,0,0,0,0
0,0,0,0,0,529,0,0,7,0,0,189,0,0,0,0,0,0,0,189,0,5,0,0,110770,0,0,3,0,0,0,0,0,0
0,10,0,0,10,530,0,1,1,0,73,308,0,34,0,1,0,0,0,308,0,3,0,73,234,0,0,10,0,0,1,0,1,22112
0,0,0,0,0,531,0,1,2,0,76,308,0,34,0,0,0,0,0,308,0,1,0,80,236,0,0,0,0,0,0,0,0,22202
0,10,0,0,10,532,0,0,4,0,70,308,0,34,0,0,0,0,0,308,0,2,0,73,237,0,0,10,0,0,1,0,0,11222
0,3,0,0,3,533,0,0,19,0,40,308,0,34,0,0,2,0,0,308,0,11,0,26,717,0,0,3,0,0,0,0,0,2010
0,5,0,0,5,534,0,0,18,0,20,308,0,34,0,0,1,0,0,308,0,15,0,13,718,0,0,3,0,0,0,0,0,11
0,3,0,0,3,535,0,0,12,0,50,308,0,34,0,0,1,0,0,308,0,12,0,20,744,0,0,3,0,0,0,0,0,10101
0,3,0,0,3,536,0,0,18,0,56,308,0,34,0,0,2,0,0,308,0,13,0,53,1438,0,0,3,0,0,0,0,0,12120
0,8,0,0,3,537,0,0,6,0,33,308,0,34,0,0,2,0,0,308,0,9,0,40,1887,0,0,8,0,0,0,0,0,22000
0,8,0,0,8,538,0,0,13,0,33,308,0,34,0,0,2,0,0,308,0,6,0,26,1888,0,0,10,0,0,0,0,0,2100
0,3,0,0,3,539,0,0,20,0,43,308,0,34,0,0,0,0,0,308,0,14,0,60,1891,0,0,5,0,0,0,0,0,22002
0,10,0,0,10,540,0,0,3,0,46,308,0,34,0,0,1,0,0,308,0,4,0,40,1896,0,0,8,0,0,0,0,0,20111
0,8,0,0,8,541,0,0,16,0,30,308,0,34,0,0,1,0,0,308,0,7,0,46,1900,0,0,8,0,0,0,0,0,20201
0,3,0,0,3,542,0,0,14,0,20,308,0,34,0,0,2,0,0,308,0,10,0,13,10020,0,0,3,0,0,0,0,0,110
0,8,0,0,8,543,0,0,5,0,53,308,0,34,0,0,0,0,0,308,0,8,0,66,112513,0,0,3,0,0,0,0,0,20122
0,4,0,0,4,544,0,0,21,0,30,308,0,34,0,0,2,0,0,308,0,17,0,46,112516,0,0,4,0,0,0,0,0,1220
0,8,0,0,8,545,0,0,8,0,66,308,0,34,0,0,0,0,0,308,0,5,0,60,112809,0,0,8,0,0,0,0,0,12112
0,5,0,0,5,546,0,0,10,0,23,308,0,34,0,0,1,0,0,308,0,16,0,26,114510,0,0,5,0,0,0,0,0,21
0,4,0,0,4,547,0,0,22,0,40,308,0,34,0,0,1,0,0,308,0,18,0,60,131463,0,0,4,0,0,0,0,0,11221
0,0,0,0,0,548,0,0,4,0,0,330,0,0,0,0,1,0,0,330,0,1,0,0,308,0,0,0,0,0,0,0,0,0
0,0,0,0,0,549,0,0,5,0,0,330,0,0,0,0,1,0,0,330,0,2,0,0,310,0,0,10,0,0,0,0,0,0
0,0,0,0,0,550,0,0,16,0,0,330,0,0,0,0,2,0,0,330,0,5,0,0,100757,0,0,10,0,0,0,0,0,0
0,0,0,0,0,551,0,0,6,0,0,330,0,0,0,0,1,0,0,330,0,6,0,0,100759,0,0,8,0,0,0,0,0,0
0,0,0,0,0,552,0,0,2,0,0,330,0,0,0,0,2,0,0,330,0,7,0,0,100761,0,0,3,0,0,0,0,0,0
0,0,0,0,0,553,0,0,15,0,0,330,0,0,0,0,2,0,0,330,0,10,0,0,110072,0,0,8,0,0,0,0,0,0
0,0,0,0,0,554,0,0,1,0,0,330,0,0,0,0,2,0,0,330,0,11,0,0,110075,0,0,3,0,0,0,0,1,0
0,0,0,0,0,555,0,0,9,0,0,330,0,0,0,0,0,0,0,330,0,12,0,0,110078,0,0,5,0,0,0,0,0,0
0,0,0,0,0,556,0,0,13,0,0,330,0,0,0,0,1,0,0,330,0,8,0,0,110750,0,0,3,0,0,0,0,0,0
0,0,0,0,0,557,0,0,10,0,0,330,0,0,0,0,0,0,0,330,0,3,0,0,110751,0,0,3,0,0,0,0,0,0
0,0,0,0,0,558,0,0,11,0,0,330,0,0,0,0,2,0,0,330,0,9,0,0,110752,0,0,8,0,0,0,0,0,0
0,0,0,0,0,559,0,0,12,0,0,330,0,0,0,0,0,0,0,330,0,15,0,0,114147,0,0,4,0,0,0,0,0,0
0,0,0,0,0,560,0,0,3,0,0,330,0,0,0,0,0,0,0,330,0,4,0,0,114385,0,0,3,0,0,0,0,0,0
0,0,0,0,0,561,0,0,17,0,0,330,0,0,0,0,1,0,0,330,0,16,0,0,114545,0,0,4,0,0,0,0,0,0
0,0,0,0,0,562,0,0,18,0,0,330,0,0,0,0,0,0,0,330,0,13,0,0,114546,0,0,5,0,0,0,0,0,0
0,0,0,0,0,563,0,0,19,0,0,330,0,0,0,0,1,0,0,330,0,14,0,0,131459,0,0,5,0,0,0,0,0,0
0,0,0,0,0,564,0,1,3,0,86,350,0,34,0,1,0,0,0,350,0,2,0,86,605,0,0,0,0,0,1,0,0,22122
0,0,0,0,0,565,0,0,1,0,43,350,0,34,0,0,2,0,0,350,0,5,0,46,607,0,0,0,0,0,0,0,1,12200
0,0,0,0,0,566,0,0,4,0,33,350,0,34,0,0,2,0,0,350,0,13,0,20,111674,0,0,0,0,0,0,0,0,20
0,0,0,0,0,567,0,0,7,0,40,350,0,34,0,0,1,0,0,350,0,7,0,53,112096,0,0,0,0,0,0,0,0,21201
0,0,0,0,0,568,0,0,2,0,83,350,0,34,0,0,0,0,0,350,0,1,0,66,112139,0,0,0,0,0,0,0,0,20212
0,0,0,0,0,569,0,1,15,0,73,350,0,34,0,0,0,0,0,350,0,3,0,100,112387,0,0,0,0,0,0,0,0,22222
0,0,0,0,0,570,0,0,6,0,30,350,0,34,0,0,1,0,0,350,0,11,0,33,112390,0,0,0,0,0,0,0,0,10021
0,0,0,0,0,571,0,1,19,0,76,350,0,34,0,0,0,0,0,350,0,4,0,100,112391,0,0,0,0,0,0,0,0,22222
0,0,0,0,0,572,0,0,5,0,40,350,0,34,0,0,2,0,0,350,0,6,0,26,112393,0,0,0,0,0,0,0,0,2010
0,0,0,0,0,573,0,0,14,0,33,350,0,34,0,0,2,0,0,350,0,12,0,20,112883,0,0,0,0,0,0,0,0,20000
0,0,0,0,0,574,0,0,18,0,46,350,0,34,0,0,0,0,0,350,0,15,0,46,113037,0,0,0,0,0,0,0,0,212
0,0,0,0,0,575,0,0,11,0,36,350,0,34,0,0,2,0,0,350,0,10,0,26,113057,0,0,0,0,0,0,0,0,12000
0,0,0,0,0,576,0,0,17,0,23,350,0,34,0,0,2,0,0,350,0,17,0,26,113060,0,0,0,0,0,0,0,0,120
0,0,0,0,0,577,0,0,8,0,43,350,0,34,0,0,2,0,0,350,0,16,0,20,113217,0,0,0,0,0,0,0,0,20
0,0,0,0,0,578,0,0,16,0,46,350,0,34,0,0,0,0,0,350,0,9,0,33,113222,0,0,0,0,0,0,0,0,10102
0,0,0,0,0,579,0,0,20,0,26,350,0,34,0,0,0,0,0,350,0,18,0,33,115892,0,0,0,0,0,0,0,0,1102
0,0,0,0,0,580,0,0,21,0,26,350,0,34,0,0,1,0,0,350,0,14,0,26,131735,0,0,0,0,0,0,0,0,11101
0,0,0,0,0,581,0,0,22,0,43,350,0,34,0,0,1,0,0,350,0,8,0,40,131798,0,0,0,0,0,0,0,0,11201
0,0,0,0,0,582,0,0,3,0,66,351,0,26,0,0,0,0,0,351,0,2,0,73,111393,0,0,0,0,0,0,0,0,21122
0,0,0,0,0,583,0,0,8,0,16,351,0,26,0,0,2,0,0,351,0,11,0,13,111395,0,0,0,0,0,0,0,0,1100
0,0,0,0,0,584,0,0,2,0,43,351,0,26,0,0,2,0,0,351,0,9,0,33,111396,0,0,0,0,0,0,0,1,10120
0,0,0,0,0,585,0,0,11,0,56,351,0,26,0,0,0,0,0,351,0,4,0,53,111397,0,0,0,0,0,0,0,0,20112
0,0,0,0,0,586,0,0,10,0,60,351,0,26,0,0,0,0,0,351,0,1,0,53,111398,0,0,0,0,0,0,0,0,20112
0,0,0,0,0,587,0,0,9,0,36,351,0,26,0,0,0,0,0,351,0,10,0,60,111399,0,0,0,0,0,0,0,0,11212
0,0,0,0,0,588,0,0,5,0,46,351,0,26,0,0,1,0,0,351,0,5,0,40,111400,0,0,0,0,0,0,0,0,1211
0,0,0,0,0,589,0,0,6,0,46,351,0,26,0,0,2,0,0,351,0,8,0,60,111766,0,0,0,0,0,0,0,0,22020
0,0,0,0,0,590,0,0,1,0,56,351,0,26,0,0,2,0,0,351,0,6,0,80,112224,0,0,0,0,0,0,0,0,22220
0,0,0,0,0,591,0,0,4,0,16,351,0,26,0,0,2,0,0,351,0,12,0,0,112427,0,0,0,0,0,0,0,0,0
0,0,0,0,0,592,0,0,12,0,33,351,0,26,0,0,0,0,0,351,0,7,0,60,114604,0,0,0,0,0,0,0,0,22002
0,0,0,0,0,593,0,0,13,0,46,351,0,26,0,0,1,0,0,351,0,3,0,20,131739,0,0,0,0,0,0,0,0,1101
0,0,0,0,0,594,0,0,2,0,0,1003,0,0,0,0,1,0,0,353,0,7,0,0,1013,0,0,0,0,0,0,0,0,0
0,0,0,0,0,595,0,0,2,0,0,1003,0,0,0,0,1,0,0,353,0,4,0,0,1876,0,0,0,0,0,0,0,0,0
0,0,0,0,0,596,0,0,2,0,0,1014,0,0,0,0,0,0,0,353,0,2,0,0,1877,0,0,0,0,0,0,0,1,0
0,0,0,0,0,597,0,0,2,0,0,1003,0,0,0,0,2,0,0,353,0,15,0,0,101083,0,0,0,0,0,0,0,0,0
0,0,0,0,0,598,0,0,2,0,0,1014,0,0,0,0,0,0,0,353,0,19,0,0,101084,0,0,0,0,0,0,0,0,0
0,0,0,0,0,599,0,0,2,0,0,1014,0,0,0,0,0,0,0,353,0,5,0,0,101085,0,0,0,0,0,0,0,0,0
0,0,0,0,0,600,0,0,26,0,0,353,0,0,0,0,1,0,0,353,0,16,0,0,101088,0,0,0,0,0,0,0,0,0
0,0,0,0,0,601,0,0,14,0,0,353,0,0,0,0,0,0,0,353,0,11,0,0,110093,0,0,0,0,0,0,0,0,0
0,0,0,0,0,602,0,0,2,0,0,1014,0,0,0,0,0,0,0,353,0,8,0,0,110395,0,0,0,0,0,0,0,0,0
0,0,0,0,0,603,0,0,2,0,0,1014,0,0,0,0,2,0,0,353,0,27,0,0,110396,0,0,0,0,0,0,0,0,0
0,0,0,0,0,604,0,0,24,0,0,353,0,0,0,0,1,0,0,353,0,21,0,0,110404,0,0,0,0,0,0,0,0,0
0,0,0,0,0,605,0,0,2,0,0,1003,0,0,0,0,2,0,0,353,0,1,0,0,110580,0,0,0,0,0,0,0,0,0
0,0,0,0,0,606,0,0,28,0,0,353,0,0,0,0,1,0,0,353,0,26,0,0,110953,0,0,0,0,0,0,0,0,0
0,0,0,0,0,607,0,0,2,0,0,1014,0,0,0,0,0,0,0,353,0,3,0,0,111019,0,0,0,0,0,0,0,0,0
0,0,0,0,0,608,0,0,29,0,0,353,0,0,0,0,0,0,0,353,0,13,0,0,111020,0,0,0,0,0,0,0,0,0
0,0,0,0,0,609,0,0,2,0,0,1014,0,0,0,0,1,0,0,353,0,20,0,0,111022,0,0,0,0,0,0,0,0,0
0,0,0,0,0,610,0,0,15,0,0,353,0,0,0,0,1,0,0,353,0,29,0,0,111706,0,0,0,0,0,0,0,0,0
0,0,0,0,0,611,0,0,13,0,0,353,0,0,0,0,0,0,0,353,0,28,0,0,111707,0,0,0,0,0,0,0,0,0
0,0,0,0,0,612,0,0,5,0,0,353,0,0,0,0,2,0,0,353,0,25,0,0,111708,0,0,0,0,0,0,0,0,0
0,0,0,0,0,613,0,0,2,0,0,1014,0,0,0,0,2,0,0,353,0,18,0,0,111710,0,0,0,0,0,0,0,0,0
0,0,0,0,0,614,0,0,2,0,0,1014,0,0,0,0,1,0,0,353,0,12,0,0,111711,0,0,0,0,0,0,0,0,0
0,0,0,0,0,615,0,0,30,0,0,353,0,0,0,0,2,0,0,353,0,30,0,0,111713,0,0,0,0,0,0,0,0,0
0,0,0,0,0,616,0,0,2,0,0,1014,0,0,0,0,2,0,0,353,0,9,0,0,111715,0,0,0,0,0,0,0,0,0
0,0,0,0,0,617,0,0,22,0,0,353,0,0,0,0,1,0,0,353,0,17,0,0,111716,0,0,0,0,0,0,0,0,0
0,0,0,0,0,618,0,0,2,0,0,1003,0,0,0,0,1,0,0,353,0,24,0,0,112670,0,0,0,0,0,0,0,0,0
0,0,0,0,0,619,0,0,19,0,0,353,0,0,0,0,2,0,0,353,0,22,0,0,112689,0,0,0,0,0,0,0,0,0
0,0,0,0,0,620,0,0,21,0,0,353,0,0,0,0,1,0,0,353,0,23,0,0,112713,0,0,0,0,0,0,0,0,0
0,0,0,0,0,621,0,0,16,0,0,353,0,0,0,0,1,0,0,353,0,14,0,0,112965,0,0,0,0,0,0,0,0,0
0,0,0,0,0,622,0,0,17,0,0,353,0,0,0,0,1,0,0,353,0,10,0,0,113044,0,0,0,0,0,0,0,0,0
0,0,0,0,0,623,0,0,31,0,0,353,0,0,0,0,1,0,0,353,0,6,0,0,115472,0,0,0,0,0,0,0,0,0
0,0,0,0,0,624,0,0,2,0,0,382,0,0,0,0,0,0,0,382,0,2,0,0,111592,0,0,0,0,0,0,0,0,0
0,0,0,0,0,625,0,0,2,0,0,382,0,0,0,0,0,0,0,382,0,2,0,0,131368,0,0,0,0,0,0,0,0,0
0,0,0,0,0,629,0,0,2,0,0,1003,0,0,0,0,0,0,0,1003,0,2,0,0,383,0,0,0,0,0,0,0,0,0
0,0,0,0,0,630,0,0,2,0,0,1003,0,0,0,0,0,0,0,1003,0,2,0,0,567,0,0,0,0,0,0,0,0,0
0,0,0,0,0,631,0,0,2,0,0,1003,0,0,0,0,0,0,0,1003,0,2,0,0,568,0,0,0,0,0,0,0,0,0
0,0,0,0,0,632,0,0,2,0,0,1003,0,0,0,0,0,0,0,1003,0,2,0,0,1041,0,0,0,0,0,0,0,0,0
0,0,0,0,0,633,0,0,2,0,0,1003,0,0,0,0,0,0,0,1003,0,2,0,0,1043,0,0,0,0,0,0,0,0,0
0,0,0,0,0,634,0,0,2,0,0,1003,0,0,0,0,0,0,0,1003,0,2,0,0,101101,0,0,0,0,0,0,0,0,0
0,0,0,0,0,635,0,0,2,0,0,1003,0,0,0,0,0,0,0,1003,0,2,0,0,101103,0,0,0,0,0,0,0,0,0
0,0,0,0,0,636,0,0,2,0,0,1003,0,0,0,0,0,0,0,1003,0,2,0,0,101104,0,0,0,0,0,0,0,0,0
0,0,0,0,0,637,0,0,2,0,0,1003,0,0,0,0,0,0,0,1003,0,2,0,0,101110,0,0,0,0,0,0,0,0,0
0,0,0,0,0,638,0,0,2,0,0,1003,0,0,0,0,0,0,0,1003,0,2,0,0,110968,0,0,0,0,0,0,0,0,0
0,0,0,0,0,639,0,0,2,0,0,1003,0,0,0,0,0,0,0,1003,0,2,0,0,110975,0,0,0,0,0,0,0,0,0
0,0,0,0,0,640,0,0,2,0,0,1003,0,0,0,0,0,0,0,1003,0,2,0,0,110981,0,0,0,0,0,0,0,0,0
0,0,0,0,0,641,0,0,2,0,0,1003,0,0,0,0,0,0,0,1003,0,2,0,0,110986,0,0,0,0,0,0,0,0,0
0,0,0,0,0,642,0,0,2,0,0,1003,0,0,0,0,0,0,0,1003,0,2,0,0,111008,0,0,0,0,0,0,0,0,0
0,0,0,0,0,643,0,0,2,0,0,1003,0,0,0,0,0,0,0,1003,0,2,0,0,111013,0,0,0,0,0,0,0,0,0
0,0,0,0,0,644,0,0,2,0,0,1003,0,0,0,0,0,0,0,1003,0,2,0,0,111014,0,0,0,0,0,0,0,0,0
0,0,0,0,0,645,0,0,2,0,0,1003,0,0,0,0,0,0,0,1003,0,2,0,0,111325,0,0,0,0,0,0,0,0,0
0,0,0,0,0,646,0,0,2,0,0,1003,0,0,0,0,0,0,0,1003,0,2,0,0,111722,0,0,0,0,0,0,0,0,0
0,0,0,0,0,647,0,0,2,0,0,1003,0,0,0,0,0,0,0,1003,0,2,0,0,111975,0,0,0,0,0,0,0,0,0
0,0,0,0,0,648,0,0,2,0,0,1003,0,0,0,0,0,0,0,1003,0,2,0,0,112659,0,0,0,0,0,0,0,0,0
0,0,0,0,0,649,0,0,2,0,0,1003,0,0,0,0,0,0,0,1003,0,2,0,0,112705,0,0,0,0,0,0,0,0,0
0,0,0,0,0,650,0,0,2,0,0,1003,0,0,0,0,0,0,0,1003,0,2,0,0,112716,0,0,0,0,0,0,0,0,0
0,0,0,0,0,651,0,0,2,0,0,1003,0,0,0,0,0,0,0,1003,0,2,0,0,112853,0,0,0,0,0,0,0,0,0
0,0,0,0,0,652,0,0,2,0,0,1003,0,0,0,0,0,0,0,1003,0,2,0,0,112908,0,0,0,0,0,0,0,0,0
0,0,0,0,0,653,0,0,2,0,0,1003,0,0,0,0,0,0,0,1003,0,2,0,0,114577,0,0,0,0,0,0,0,0,0
0,0,0,0,0,654,0,0,2,0,0,1003,0,0,0,0,0,0,0,1003,0,2,0,0,115693,0,0,0,0,0,0,0,0,0
0,0,0,0,0,655,0,0,2,0,0,1014,0,0,0,0,0,0,0,1014,0,2,0,0,517,0,0,0,0,0,0,0,0,0
0,0,0,0,0,656,0,0,2,0,0,1014,0,0,0,0,0,0,0,1014,0,2,0,0,569,0,0,0,0,0,0,0,0,0
0,0,0,0,0,657,0,0,2,0,0,1014,0,0,0,0,0,0,0,1014,0,2,0,0,598,0,0,0,0,0,0,0,0,0
0,0,0,0,0,658,0,0,2,0,0,1014,0,0,0,0,0,0,0,1014,0,2,0,0,1035,0,0,0,0,0,0,0,1,0
0,0,0,0,0,659,0,0,2,0,0,1014,0,0,0,0,0,0,0,1014,0,2,0,0,1053,0,0,0,0,0,0,0,0,0
0,0,0,0,0,660,0,0,2,0,0,1014,0,0,0,0,0,0,0,1014,0,2,0,0,1629,0,0,0,0,0,0,0,0,0
0,0,0,0,0,661,0,0,2,0,0,1014,0,0,0,0,0,0,0,1014,0,2,0,0,101097,0,0,0,0,0,0,0,0,0
0,0,0,0,0,662,0,0,2,0,0,1014,0,0,0,0,0,0,0,1014,0,2,0,0,101099,0,0,0,0,0,0,0,0,0
0,0,0,0,0,663,0,0,2,0,0,1014,0,0,0,0,0,0,0,1014,0,2,0,0,101105,0,0,0,0,0,0,0,0,0
0,0,0,0,0,664,0,0,2,0,0,1014,0,0,0,0,0,0,0,1014,0,2,0,0,101108,0,0,0,0,0,0,0,0,0
0,0,0,0,0,665,0,0,2,0,0,1014,0,0,0,0,0,0,0,1014,0,2,0,0,110967,0,0,0,0,0,0,0,0,0
0,0,0,0,0,666,0,0,2,0,0,1014,0,0,0,0,0,0,0,1014,0,2,0,0,110982,0,0,0,0,0,0,0,0,0
0,0,0,0,0,667,0,0,2,0,0,1014,0,0,0,0,0,0,0,1014,0,2,0,0,110989,0,0,0,0,0,0,0,0,0
0,0,0,0,0,668,0,0,2,0,0,1014,0,0,0,0,0,0,0,1014,0,2,0,0,110991,0,0,0,0,0,0,0,0,0
0,0,0,0,0,669,0,0,2,0,0,1014,0,0,0,0,0,0,0,1014,0,2,0,0,111011,0,0,0,0,0,0,0,0,0
0,0,0,0,0,670,0,0,2,0,0,1014,0,0,0,0,0,0,0,1014,0,2,0,0,111012,0,0,0,0,0,0,0,0,0
0,0,0,0,0,671,0,0,2,0,0,1014,0,0,0,0,0,0,0,1014,0,2,0,0,111328,0,0,0,0,0,0,0,0,0
0,0,0,0,0,672,0,0,2,0,0,1014,0,0,0,0,0,0,0,1014,0,2,0,0,112112,0,0,0,0,0,0,0,0,0
0,0,0,0,0,673,0,0,2,0,0,1014,0,0,0,0,0,0,0,1014,0,2,0,0,112116,0,0,0,0,0,0,0,0,0
0,0,0,0,0,674,0,0,2,0,0,1014,0,0,0,0,0,0,0,1014,0,2,0,0,112472,0,0,0,0,0,0,0,0,0
0,0,0,0,0,675,0,0,2,0,0,1014,0,0,0,0,0,0,0,1014,0,2,0,0,112868,0,0,0,0,0,0,0,0,0
0,0,0,0,0,676,0,0,2,0,0,1014,0,0,0,0,0,0,0,1014,0,2,0,0,113143,0,0,0,0,0,0,0,0,0
0,0,0,0,0,677,0,0,2,0,0,1014,0,0,0,0,0,0,0,1014,0,2,0,0,114578,0,0,0,0,0,0,0,0,0
0,0,0,0,0,678,0,0,2,0,0,1014,0,0,0,0,0,0,0,1014,0,2,0,0,114611,0,0,0,0,0,0,0,0,0
0,0,0,0,0,679,0,0,2,0,0,1014,0,0,0,0,0,0,0,1014,0,2,0,0,115517,0,0,0,0,0,0,0,0,0
0,0,0,0,0,680,0,0,2,0,0,1014,0,0,0,0,0,0,0,1014,0,2,0,0,131826,0,0,0,0,0,0,0,0,0
0,0,0,0,0,681,0,0,10,0,0,2012,0,0,0,0,0,0,0,2012,0,2,0,0,110955,0,0,0,0,0,0,0,0,0
0,0,0,0,0,682,0,0,2,0,0,2012,0,0,0,0,0,0,0,2012,0,5,0,0,111724,0,0,0,0,0,0,0,0,0
0,0,0,0,0,683,0,0,7,0,0,2012,0,0,0,0,0,0,0,2012,0,4,0,0,111768,0,0,0,0,0,0,0,0,0
0,0,0,0,0,684,0,0,13,0,0,2012,0,0,0,0,2,0,0,2012,0,16,0,0,111769,0,0,0,0,0,0,0,0,0
0,0,0,0,0,685,0,0,8,0,0,2012,0,0,0,0,2,0,0,2012,0,6,0,0,111774,0,0,0,0,0,0,0,0,0
0,0,0,0,0,686,0,0,6,0,0,2012,0,0,0,0,1,0,0,2012,0,10,0,0,111779,0,0,0,0,0,0,0,0,0
0,0,0,0,0,687,0,0,3,0,0,2012,0,0,0,0,1,0,0,2012,0,7,0,0,112163,0,0,0,0,0,0,0,0,0
0,0,0,0,0,688,0,0,4,0,0,2012,0,0,0,0,0,0,0,2012,0,1,0,0,112540,0,0,0,0,0,0,0,0,0
0,0,0,0,0,689,0,0,9,0,0,2012,0,0,0,0,2,0,0,2012,0,15,0,0,114628,0,0,0,0,0,0,0,0,0
0,0,0,0,0,690,0,0,5,0,0,2012,0,0,0,0,1,0,0,2012,0,3,0,0,116360,0,0,0,0,0,0,0,0,0
0,0,0,0,0,691,0,0,1,0,0,2012,0,0,0,0,2,0,0,2012,0,14,0,0,116361,0,0,0,0,0,0,0,1,0
0,0,0,0,0,692,0,0,15,0,0,2012,0,0,0,0,1,0,0,2012,0,13,0,0,131173,0,0,0,0,0,0,0,0,0
0,0,0,0,0,693,0,0,15,0,0,2012,0,0,0,0,1,0,0,2012,0,12,0,0,131487,0,0,0,0,0,0,0,0,0
0,0,0,0,0,694,0,0,15,0,0,2012,0,0,0,0,0,0,0,2012,0,9,0,0,131488,0,0,0,0,0,0,0,0,0
0,0,0,0,0,695,0,0,16,0,0,2012,0,0,0,0,1,0,0,2012,0,8,0,0,131531,0,0,0,0,0,0,0,0,0
0,0,0,0,0,696,0,0,17,0,0,2012,0,0,0,0,2,0,0,2012,0,11,0,0,132305,0,0,0,0,0,0,0,0,0
0,8,0,0,8,698,0,0,13,0,66,20,0,38,0,0,0,0,0,2076,0,5,0,53,27,0,0,8,0,0,0,0,0,10122
0,3,0,0,3,699,0,0,8,0,26,2076,0,38,0,0,2,0,0,2076,0,8,0,33,33,0,0,3,0,0,0,0,0,12100
0,6,0,0,6,700,0,0,18,0,63,20,0,38,0,0,0,0,0,2076,0,2,0,80,162,0,0,6,0,0,0,0,0,22022
0,6,0,0,6,701,0,0,3,0,83,2076,0,38,0,0,0,0,0,2076,0,1,0,86,487,0,0,8,0,0,0,0,0,22212
0,3,0,0,3,702,0,0,4,0,20,2076,0,38,0,0,0,0,0,2076,0,9,0,33,492,0,0,3,0,0,0,0,0,11002
0,4,0,0,4,703,0,0,14,0,33,2076,0,38,0,0,0,0,0,2076,0,18,0,60,506,0,0,5,0,0,0,0,0,11212
0,5,0,0,5,704,0,0,5,0,40,2076,0,38,0,0,2,0,0,2076,0,15,0,46,523,0,0,5,0,0,0,0,0,12200
0,7,0,0,7,705,0,0,15,0,70,2076,0,38,0,0,0,0,0,2076,0,3,0,40,526,0,0,8,0,0,0,0,0,22
0,3,0,0,3,706,0,0,17,0,46,20,0,38,0,0,2,0,0,2076,0,13,0,40,543,0,0,3,0,0,0,0,0,2200
0,4,0,0,4,707,0,0,19,0,23,2076,0,38,0,0,2,0,0,2076,0,20,0,20,583,0,0,4,0,0,0,0,0,11100
0,8,0,0,8,708,0,1,12,0,56,2076,0,38,0,0,1,0,0,2076,0,4,0,53,1825,0,0,7,0,0,0,0,0,20211
0,8,0,0,3,709,0,0,20,0,86,20,0,38,0,0,0,0,0,2076,0,7,0,86,1826,0,0,4,0,0,0,0,0,22122
0,4,0,0,4,710,0,0,17,0,30,2076,0,38,0,0,2,0,0,2076,0,19,0,26,110176,0,0,4,0,0,0,0,0,20010
0,8,0,0,8,711,0,0,10,0,53,2076,0,38,0,0,0,0,0,2076,0,6,0,60,110501,0,0,6,0,0,0,0,0,20202
0,3,0,0,3,712,0,0,7,0,33,2076,0,38,0,0,2,0,0,2076,0,10,0,33,110532,0,0,3,0,0,0,0,0,11020
0,3,0,0,3,713,0,0,9,0,43,2076,0,38,0,0,1,0,0,2076,0,11,0,26,110645,0,0,3,0,0,0,0,0,201
0,4,0,0,4,714,0,0,21,0,50,2076,0,38,0,0,2,0,0,2076,0,17,0,40,110678,0,0,4,0,0,0,0,0,2020
0,5,0,0,5,715,0,0,22,0,26,2076,0,38,0,0,2,0,0,2076,0,16,0,20,110685,0,0,3,0,0,0,0,0,20
0,3,0,0,3,716,0,0,23,0,36,2076,0,38,0,0,2,0,0,2076,0,14,0,26,110697,0,0,3,0,0,0,0,0,10200
0,3,0,0,3,717,0,0,11,0,40,2076,0,38,0,0,0,0,0,2076,0,12,0,60,111239,0,0,3,0,0,0,0,0,2022
0,0,0,0,0,719,0,0,2,0,0,2136,0,0,0,0,0,0,1986,2136,0,7,0,0,113000,0,0,0,0,0,0,0,0,0
0,0,0,0,0,720,0,0,2,0,0,2136,0,0,0,0,0,0,2008,2136,0,4,0,0,113002,0,0,0,0,0,0,0,0,0
0,0,0,0,0,721,0,0,2,0,0,2136,0,0,0,0,0,0,1921,2136,0,11,0,0,113003,0,0,0,0,0,0,0,0,0
0,0,0,0,0,722,0,0,2,0,0,2136,0,0,0,0,0,0,2014,2136,0,3,0,0,113004,0,0,0,0,0,0,0,0,0
0,0,0,0,0,723,0,0,2,0,0,2136,0,0,0,0,0,0,1850,2136,0,15,0,0,113007,0,0,0,0,0,0,0,0,0
0,0,0,0,0,724,0,0,2,0,0,2136,0,0,0,0,0,0,1992,2136,0,6,0,0,113008,0,0,0,0,0,0,0,0,0
0,0,0,0,0,725,0,0,2,0,0,2136,0,0,0,0,0,0,2069,2136,0,1,0,0,113009,0,0,0,0,0,0,0,0,0
0,0,0,0,0,726,0,0,2,0,0,2136,0,0,0,0,0,0,1683,2136,0,29,0,0,113010,0,0,0,0,0,0,0,0,0
0,0,0,0,0,727,0,0,2,0,0,2136,0,0,0,0,0,0,1931,2136,0,10,0,0,113011,0,0,0,0,0,0,0,0,0
0,0,0,0,0,728,0,0,2,0,0,2136,0,0,0,0,0,0,2020,2136,0,2,0,0,113012,0,0,0,0,0,0,0,0,0
0,0,0,0,0,729,0,0,2,0,0,2136,0,0,0,0,0,0,1731,2136,0,24,0,0,113984,0,0,0,0,0,0,0,0,0
0,0,0,0,0,730,0,0,2,0,0,2136,0,0,0,0,0,0,1659,2136,0,33,0,0,113996,0,0,0,0,0,0,0,0,0
0,0,0,0,0,731,0,0,2,0,0,2136,0,0,0,0,0,0,1888,2136,0,12,0,0,115362,0,0,0,0,0,0,0,0,0
0,0,0,0,0,732,0,0,2,0,0,2136,0,0,0,0,0,0,1773,2136,0,22,0,0,115682,0,0,0,0,0,0,0,0,0
0,0,0,0,0,733,0,0,2,0,0,2136,0,0,0,0,0,0,1867,2136,0,13,0,0,116428,0,0,0,0,0,0,0,0,0
0,0,0,0,0,734,0,0,2,0,0,2136,0,0,0,0,0,0,1723,2136,0,25,0,0,131124,0,0,0,0,0,0,0,0,0
0,0,0,0,0,735,0,0,2,0,0,2136,0,0,0,0,0,0,1705,2136,0,27,0,0,131877,0,0,0,0,0,0,0,0,0
0,0,0,0,0,742,0,0,9,0,0,2149,0,0,0,0,2,0,0,2149,0,9,0,0,111629,0,0,0,0,0,0,0,0,0
0,0,0,0,0,743,0,0,13,0,0,2149,0,0,0,0,1,0,0,2149,0,13,0,0,111633,0,0,0,0,0,0,0,0,0
0,0,0,0,0,744,0,0,7,0,0,2149,0,0,0,0,0,0,0,2149,0,4,0,0,113040,0,0,0,0,0,0,0,0,0
0,0,0,0,0,745,0,0,1,0,0,2149,0,0,0,0,0,0,0,2149,0,1,0,0,113146,0,0,0,0,0,0,0,1,0
0,0,0,0,0,746,0,0,4,0,0,2149,0,0,0,0,0,0,0,2149,0,7,0,0,113257,0,0,0,0,0,0,0,0,0
0,0,0,0,0,747,0,0,6,0,0,2149,0,0,0,0,0,0,0,2149,0,11,0,0,113297,0,0,0,0,0,0,0,0,0
0,0,0,0,0,748,0,0,3,0,0,2149,0,0,0,0,2,0,0,2149,0,2,0,0,113298,0,0,0,0,0,0,0,0,0
0,0,0,0,0,749,0,0,5,0,0,2149,0,0,0,0,1,0,0,2149,0,8,0,0,113299,0,0,0,0,0,0,0,0,0
0,0,0,0,0,750,0,0,2,0,0,2149,0,0,0,0,0,0,0,2149,0,6,0,0,113300,0,0,0,0,0,0,0,0,0
0,0,0,0,0,751,0,0,12,0,0,2149,0,0,0,0,1,0,0,2149,0,13,0,0,113301,0,0,0,0,0,0,0,0,0
0,0,0,0,0,752,0,0,10,0,0,2149,0,0,0,0,2,0,0,2149,0,3,0,0,113302,0,0,0,0,0,0,0,0,0
0,0,0,0,0,753,0,0,11,0,0,2149,0,0,0,0,2,0,0,2149,0,5,0,0,114168,0,0,0,0,0,0,0,0,0
0,0,0,0,0,754,0,0,8,0,0,2149,0,0,0,0,1,0,0,2149,0,10,0,0,115202,0,0,0,0,0,0,0,0,0
0,0,0,0,0,755,0,0,14,0,0,2149,0,0,0,0,0,0,0,2149,0,2,0,0,132681,0,0,0,0,0,0,0,0,0
0,0,0,0,0,756,0,1,1,0,93,2215,0,26,0,1,0,0,0,2215,0,1,0,86,115995,0,0,0,0,0,1,0,1,22122
0,3,0,0,8,757,0,0,5,0,60,2215,0,26,0,0,2,0,0,2215,0,5,0,80,115996,0,0,8,0,0,0,0,0,22220
0,3,0,0,10,758,0,0,3,0,80,2215,0,26,0,0,0,0,0,2215,0,3,0,80,115997,0,0,3,0,0,0,0,0,22202
0,10,0,0,10,759,0,0,2,0,66,2215,0,26,0,0,0,0,0,2215,0,2,0,66,115998,0,0,10,0,0,0,0,0,10222
0,3,0,0,8,760,0,0,4,0,56,2215,0,26,0,0,1,0,0,2215,0,4,0,73,115999,0,0,8,0,0,0,0,0,22121
0,0,0,0,0,761,0,0,7,0,0,2215,0,26,0,0,1,0,0,2215,0,13,0,0,116001,0,0,0,0,0,0,0,0,0
0,5,0,0,3,762,0,0,6,0,26,2215,0,26,0,0,1,0,0,2215,0,8,0,26,116002,0,0,3,0,0,0,0,0,201
0,5,0,0,3,763,0,0,9,0,43,2215,0,26,0,0,0,0,0,2215,0,7,0,60,116003,0,0,3,0,0,0,0,0,222
0,3,0,0,3,764,0,0,8,0,50,2215,0,26,0,0,0,0,0,2215,0,6,0,46,116004,0,0,10,0,0,0,0,0,10022
0,0,0,0,0,765,0,0,2,0,0,2215,0,26,0,0,2,0,0,2215,0,14,0,0,116005,0,0,0,0,0,0,0,0,0
0,4,0,0,5,766,0,0,11,0,46,2215,0,26,0,0,1,0,0,2215,0,10,0,20,116021,0,0,4,0,0,0,0,0,11001
0,0,0,0,0,767,0,0,12,0,0,2215,0,26,0,0,2,0,0,2215,0,11,0,0,131386,0,0,5,0,0,0,0,0,0
0,0,0,0,0,768,0,0,3,0,0,2215,0,26,0,0,2,0,0,2215,0,12,0,0,132533,0,0,4,0,0,0,0,0,0
0,4,0,0,5,769,0,0,1,0,40,2215,0,26,0,0,2,0,0,2215,0,9,0,26,132589,0,0,5,0,0,0,0,0,10200
0,0,0,0,0,770,0,1,3,0,93,2216,0,22,0,0,0,0,0,2216,0,2,0,86,116009,0,0,0,0,0,0,0,0,21222
0,0,0,0,0,771,0,0,1,0,73,2216,0,22,0,0,0,0,0,2216,0,3,0,86,116010,0,0,0,0,0,0,0,1,12222
0,0,0,0,0,772,0,0,9,0,43,2216,0,22,0,0,0,0,0,2216,0,5,0,46,116011,0,0,0,0,0,0,0,0,122
0,0,0,0,0,773,0,0,2,0,60,2216,0,22,0,0,2,0,0,2216,0,4,0,33,116012,0,0,0,0,0,0,0,0,20110
0,0,0,0,0,774,0,0,11,0,40,2216,0,22,0,0,2,0,0,2216,0,7,0,53,116013,0,0,0,0,0,0,0,0,22110
0,0,0,0,0,775,0,0,8,0,46,2216,0,22,0,0,2,0,0,2216,0,10,0,46,116014,0,0,0,0,0,0,0,0,1220
0,0,0,0,0,776,0,0,5,0,13,2216,0,22,0,0,2,0,0,2216,0,9,0,20,116015,0,0,0,0,0,0,0,0,20000
0,0,0,0,0,777,0,0,6,0,50,2216,0,22,0,0,0,0,0,2216,0,8,0,20,116016,0,0,0,0,0,0,0,0,2
0,0,0,0,0,778,0,1,4,0,73,2216,0,22,0,0,0,0,0,2216,0,1,0,80,116017,0,0,0,0,0,0,0,0,22022
0,0,0,0,0,779,0,0,10,0,0,2216,0,22,0,0,2,0,0,2216,0,12,0,0,116020,0,0,0,0,0,0,0,0,0
0,0,0,0,0,780,0,0,7,0,43,2216,0,22,0,0,2,0,0,2216,0,11,0,26,116343,0,0,0,0,0,0,0,0,12000
0,0,0,0,0,781,0,0,12,0,36,2216,0,22,0,0,0,0,0,2216,0,6,0,53,132176,0,0,0,0,0,0,0,0,11202
0,0,0,0,0,782,0,1,1,0,80,2218,0,22,0,1,0,0,0,2218,0,1,0,73,116033,0,0,0,0,0,1,0,1,21212
0,10,0,0,10,783,0,0,2,0,90,2218,0,22,0,0,0,0,0,2218,0,3,0,100,116034,0,0,8,0,0,0,0,0,22222
0,10,0,0,10,784,0,0,3,0,83,2218,0,22,0,0,0,0,0,2218,0,2,0,100,116035,0,0,10,0,0,0,0,0,22222
0,8,0,0,8,785,0,0,4,0,40,2218,0,22,0,0,1,0,0,2218,0,5,0,26,116036,0,0,8,0,0,0,0,0,201
0,5,0,0,5,786,0,0,5,0,26,2218,0,22,0,0,2,0,0,2218,0,10,0,40,116037,0,0,4,0,0,0,0,0,2020
0,8,0,0,3,787,0,0,10,0,60,2218,0,22,0,0,0,0,0,2218,0,6,0,60,116039,0,0,3,0,0,0,0,0,22002
0,4,0,0,4,788,0,0,11,0,16,2218,0,22,0,0,1,0,0,2218,0,12,0,26,116044,0,0,5,0,0,0,0,0,2001
0,3,0,0,3,789,0,0,8,0,30,2218,0,22,0,0,1,0,0,2218,0,8,0,33,116416,0,0,3,0,0,0,0,0,10021
0,8,0,0,8,790,0,0,12,0,56,2218,0,22,0,0,1,0,0,2218,0,4,0,53,116417,0,0,10,0,0,0,0,0,20211
0,3,0,0,3,791,0,0,13,0,23,2218,0,22,0,0,2,0,0,2218,0,7,0,6,131724,0,0,3,0,0,0,0,0,1000
0,5,0,0,5,792,0,0,14,0,26,2218,0,22,0,0,2,0,0,2218,0,9,0,26,132370,0,0,5,0,0,0,0,0,10020
0,5,0,0,4,793,0,0,15,0,23,2218,0,22,0,0,2,0,0,2218,0,11,0,20,132588,0,0,4,0,0,0,0,0,200
0,0,0,0,0,794,0,0,1,0,0,2221,0,0,0,0,1,0,0,2221,0,5,0,0,116300,0,0,0,0,0,0,0,1,0
0,0,0,0,0,795,0,0,2,0,0,2221,0,0,0,0,0,0,0,2221,0,3,0,0,116302,0,0,0,0,0,0,0,0,0
0,0,0,0,0,796,0,0,7,0,0,2221,0,0,0,0,0,0,0,2221,0,9,0,0,116303,0,0,0,0,0,0,0,0,0
0,0,0,0,0,797,0,0,11,0,0,2221,0,0,0,0,2,0,0,2221,0,2,0,0,116304,0,0,0,0,0,0,0,0,0
0,0,0,0,0,798,0,0,6,0,0,2221,0,0,0,0,0,0,0,2221,0,14,0,0,116305,0,0,0,0,0,0,0,0,0
0,0,0,0,0,799,0,0,4,0,0,2221,0,0,0,0,2,0,0,2221,0,10,0,0,116306,0,0,0,0,0,0,0,0,0
0,0,0,0,0,800,0,0,10,0,0,2221,0,0,0,0,1,0,0,2221,0,4,0,0,116307,0,0,0,0,0,0,0,0,0
0,0,0,0,0,801,0,0,9,0,0,2221,0,0,0,0,0,0,0,2221,0,7,0,0,116308,0,0,0,0,0,0,0,0,0
0,0,0,0,0,802,0,0,5,0,0,2221,0,0,0,0,0,0,0,2221,0,1,0,0,116309,0,0,0,0,0,0,0,0,0
0,0,0,0,0,803,0,0,12,0,0,2221,0,0,0,0,2,0,0,2221,0,8,0,0,116310,0,0,0,0,0,0,0,0,0
0,0,0,0,0,804,0,0,8,0,0,2221,0,0,0,0,2,0,0,2221,0,11,0,0,116311,0,0,0,0,0,0,0,0,0
0,0,0,0,0,805,0,0,3,0,0,2221,0,0,0,0,2,0,0,2221,0,6,0,0,116312,0,0,0,0,0,0,0,0,0
0,0,0,0,0,806,0,0,13,0,0,2221,0,0,0,0,2,0,0,2221,0,13,0,0,131477,0,0,0,0,0,0,0,0,0
0,0,0,0,0,807,0,0,14,0,0,2221,0,0,0,0,0,0,0,2221,0,12,0,0,131478,0,0,0,0,0,0,0,0,0
0,0,0,0,0,808,0,1,1,0,100,2222,0,30,0,0,0,0,0,2222,0,1,0,100,116325,0,0,0,0,0,0,0,1,22222
0,10,0,0,10,809,0,0,2,0,83,2222,0,30,0,0,0,0,0,2222,0,2,0,86,116326,0,0,10,0,0,0,0,0,12222
0,8,0,0,8,810,0,0,5,0,63,2222,0,30,0,0,2,0,0,2222,0,5,0,46,116327,0,0,8,0,0,0,0,0,22010
0,3,0,0,3,811,0,0,9,0,60,2222,0,30,0,0,0,0,0,2222,0,7,0,60,116328,0,0,3,0,0,0,0,0,2022
0,5,0,0,5,812,0,0,15,0,36,2222,0,30,0,0,0,0,0,2222,0,13,0,66,116331,0,0,5,0,0,0,0,0,20212
0,8,0,0,8,813,0,0,7,0,60,2222,0,30,0,0,0,0,0,2222,0,4,0,53,116332,0,0,8,0,0,0,0,0,21012
0,4,0,0,4,814,0,0,4,0,3,2222,0,30,0,0,2,0,0,2222,0,16,0,6,116333,0,0,4,0,0,0,0,0,10
0,3,0,0,3,815,0,0,6,0,33,2222,0,30,0,0,2,0,0,2222,0,9,0,40,116334,0,0,3,0,0,0,0,0,220
0,10,0,0,10,816,0,0,3,0,73,2222,0,30,0,0,0,0,0,2222,0,3,0,80,116336,0,0,10,0,0,0,0,0,22202
0,3,0,0,3,817,0,0,8,0,26,2222,0,30,0,0,1,0,0,2222,0,8,0,13,116337,0,0,8,0,0,0,0,0,11
0,4,0,0,4,818,0,0,17,0,16,2222,0,30,0,0,2,0,0,2222,0,15,0,33,131123,0,0,4,0,0,0,0,0,12010
0,3,0,0,3,819,0,0,10,0,43,2222,0,30,0,0,0,0,0,2222,0,10,0,26,131125,0,0,3,0,0,0,0,0,102
0,8,0,0,8,820,0,0,16,0,53,2222,0,30,0,0,2,0,0,2222,0,6,0,26,131391,0,0,3,0,0,0,0,0,21000
0,3,0,0,3,821,0,0,18,0,36,2222,0,30,0,0,2,0,0,2222,0,12,0,33,131720,0,0,3,0,0,0,0,0,10210
0,3,0,0,3,822,0,0,19,0,33,2222,0,30,0,0,1,0,0,2222,0,11,0,20,131733,0,0,3,0,0,0,0,0,111
0,5,0,0,5,823,0,0,20,0,36,2222,0,30,0,0,2,0,0,2222,0,14,0,46,132629,0,0,5,0,0,0,0,0,12200
0,0,0,0,0,824,0,0,2,0,0,2226,0,0,0,0,0,0,0,2226,0,2,0,0,116280,0,0,0,0,0,0,0,0,0
0,0,0,0,0,825,0,0,3,0,0,2226,0,0,0,0,0,0,0,2226,0,1,0,0,116282,0,0,0,0,0,0,0,0,0
0,0,0,0,0,826,0,0,1,0,0,2226,0,0,0,0,0,0,0,2226,0,2,0,0,131358,0,0,0,0,0,0,0,0,0
0,0,0,0,0,827,0,0,1,0,0,2226,0,0,0,0,0,0,0,2226,0,2,0,0,131359,0,0,0,0,0,0,0,0,0
0,0,0,0,0,828,0,0,1,0,0,2226,0,0,0,0,0,0,0,2226,0,2,0,0,131360,0,0,0,0,0,0,0,0,0
0,0,0,0,0,829,0,0,1,0,0,2226,0,0,0,0,0,0,0,2226,0,2,0,0,131361,0,0,0,0,0,0,0,0,0
0,0,0,0,0,830,0,0,1,0,0,2226,0,0,0,0,0,0,0,2226,0,2,0,0,131362,0,0,0,0,0,0,0,0,0
0,0,0,0,0,831,0,0,1,0,0,2226,0,0,0,0,0,0,0,2226,0,2,0,0,131363,0,0,0,0,0,0,0,0,0
